timestamp,load
2024-01-01 00:00:00,968.7791114861678
2024-01-01 01:00:00,1052.9210026302146
2024-01-01 02:00:00,1064.3530986836226
2024-01-01 03:00:00,1112.3225188610147
2024-01-01 04:00:00,1140.0847931633273
2024-01-01 05:00:00,1129.7721925789328
2024-01-01 06:00:00,1157.9698942387045
2024-01-01 07:00:00,1139.0168947322663
2024-01-01 08:00:00,1121.3597221409461
2024-01-01 09:00:00,1088.0396211617347
2024-01-01 10:00:00,1089.5641862033006
2024-01-01 11:00:00,1057.7487395065527
2024-01-01 12:00:00,1028.9829126221205
2024-01-01 13:00:00,1006.5667326584506
2024-01-01 14:00:00,950.5120973034038
2024-01-01 15:00:00,948.6872359146605
2024-01-01 16:00:00,931.8920774627941
2024-01-01 17:00:00,952.6661812939094
2024-01-01 18:00:00,946.9618465497045
2024-01-01 19:00:00,937.9514400588066
2024-01-01 20:00:00,947.8789751612592
2024-01-01 21:00:00,963.6989065672045
2024-01-01 22:00:00,1002.9156301188933
2024-01-01 23:00:00,1036.2394102943263
2024-01-02 00:00:00,1045.2504272985755
2024-01-02 01:00:00,1098.3910540294733
2024-01-02 02:00:00,1131.4395283628207
2024-01-02 03:00:00,1167.0778048524928
2024-01-02 04:00:00,1199.8397962816857
2024-01-02 05:00:00,1150.1230545842918
2024-01-02 06:00:00,1185.7875226939914
2024-01-02 07:00:00,1207.78445226268
2024-01-02 08:00:00,1188.1762196948434
2024-01-02 09:00:00,1154.4456177645925
2024-01-02 10:00:00,1139.4376748191212
2024-01-02 11:00:00,1079.48262277753
2024-01-02 12:00:00,1067.8593808998962
2024-01-02 13:00:00,1055.2900875884966
2024-01-02 14:00:00,998.7382238667958
2024-01-02 15:00:00,976.8465436441877
2024-01-02 16:00:00,972.1041664109217
2024-01-02 17:00:00,950.2010013010407
2024-01-02 18:00:00,955.9102966714933
2024-01-02 19:00:00,966.7283031233543
2024-01-02 20:00:00,974.2036997231119
2024-01-02 21:00:00,972.3012144026951
2024-01-02 22:00:00,1019.8215965776798
2024-01-02 23:00:00,1050.64007617946
2024-01-03 00:00:00,1075.5825737487871
2024-01-03 01:00:00,1125.4252313223808
2024-01-03 02:00:00,1157.1387820579926
2024-01-03 03:00:00,1186.6703507358782
2024-01-03 04:00:00,1206.629446258945
2024-01-03 05:00:00,1211.6899512942
2024-01-03 06:00:00,1209.281984591262
2024-01-03 07:00:00,1192.8969277067085
2024-01-03 08:00:00,1164.2177382989225
2024-01-03 09:00:00,1131.563437370692
2024-01-03 10:00:00,1127.7865116604762
2024-01-03 11:00:00,1084.368286579021
2024-01-03 12:00:00,1056.3681338173935
2024-01-03 13:00:00,1043.4052343786168
2024-01-03 14:00:00,987.3275498469341
2024-01-03 15:00:00,947.5542318484653
2024-01-03 16:00:00,954.3389202514128
2024-01-03 17:00:00,908.1304803465674
2024-01-03 18:00:00,958.8610052327984
2024-01-03 19:00:00,930.7604618891976
2024-01-03 20:00:00,924.2801845399628
2024-01-03 21:00:00,946.3394640115661
2024-01-03 22:00:00,988.317696505052
2024-01-03 23:00:00,1006.3094289177559
2024-01-04 00:00:00,1022.4174633626108
2024-01-04 01:00:00,1086.6843437378088
2024-01-04 02:00:00,1094.0962036195913
2024-01-04 03:00:00,1101.675809650851
2024-01-04 04:00:00,1125.2587000759754
2024-01-04 05:00:00,1123.1121082077036
2024-01-04 06:00:00,1157.0161365374975
2024-01-04 07:00:00,1128.8031365887448
2024-01-04 08:00:00,1119.3543991261693
2024-01-04 09:00:00,1097.9876707083054
2024-01-04 10:00:00,1079.0124717691233
2024-01-04 11:00:00,1014.4344175191933
2024-01-04 12:00:00,999.5119271007416
2024-01-04 13:00:00,953.4548335797663
2024-01-04 14:00:00,948.8148489782174
2024-01-04 15:00:00,901.6311156247021
2024-01-04 16:00:00,906.1528112076086
2024-01-04 17:00:00,895.3995177579941
2024-01-04 18:00:00,865.6917016587946
2024-01-04 19:00:00,861.4759574275463
2024-01-04 20:00:00,862.0879267961503
2024-01-04 21:00:00,922.3254764981064
2024-01-04 22:00:00,925.5074795962252
2024-01-04 23:00:00,939.8132191397792
2024-01-05 00:00:00,952.9903549712137
2024-01-05 01:00:00,1007.8455145239598
2024-01-05 02:00:00,1017.2889426752216
2024-01-05 03:00:00,1056.1360240683473
2024-01-05 04:00:00,1062.5031093292375
2024-01-05 05:00:00,1071.7049094593863
2024-01-05 06:00:00,1070.772734481213
2024-01-05 07:00:00,1061.3858232500888
2024-01-05 08:00:00,1041.2182867341312
2024-01-05 09:00:00,1022.6545638202118
2024-01-05 10:00:00,997.7806041238862
2024-01-05 11:00:00,975.2230876202605
2024-01-05 12:00:00,944.0015159213273
2024-01-05 13:00:00,879.2245184515224
2024-01-05 14:00:00,871.5718948719573
2024-01-05 15:00:00,857.2373982598403
2024-01-05 16:00:00,808.3722940739204
2024-01-05 17:00:00,816.5080182178265
2024-01-05 18:00:00,803.7337558091325
2024-01-05 19:00:00,808.6602800764321
2024-01-05 20:00:00,811.9730925795266
2024-01-05 21:00:00,838.0674549810958
2024-01-05 22:00:00,871.6965999048792
2024-01-05 23:00:00,908.0435048167478
2024-01-06 00:00:00,926.2714600468963
2024-01-06 01:00:00,962.6823763916625
2024-01-06 02:00:00,993.0757082814837
2024-01-06 03:00:00,985.3650044311385
2024-01-06 04:00:00,1039.479445569068
2024-01-06 05:00:00,1017.1557721101786
2024-01-06 06:00:00,1039.4009408490895
2024-01-06 07:00:00,1043.0204707447606
2024-01-06 08:00:00,994.0566626764476
2024-01-06 09:00:00,1038.5149600419975
2024-01-06 10:00:00,996.8286545600505
2024-01-06 11:00:00,961.1904860227598
2024-01-06 12:00:00,905.574793613883
2024-01-06 13:00:00,891.3467373886124
2024-01-06 14:00:00,895.4363748780294
2024-01-06 15:00:00,839.4906910038167
2024-01-06 16:00:00,833.6515572768315
2024-01-06 17:00:00,786.1117113747014
2024-01-06 18:00:00,828.0768483254009
2024-01-06 19:00:00,800.745955492293
2024-01-06 20:00:00,812.7655799497394
2024-01-06 21:00:00,863.3978927768012
2024-01-06 22:00:00,883.5138458267904
2024-01-06 23:00:00,892.4005857488227
2024-01-07 00:00:00,942.6592255030947
2024-01-07 01:00:00,969.5460499217968
2024-01-07 02:00:00,1032.8689387404927
2024-01-07 03:00:00,1046.6672678997686
2024-01-07 04:00:00,1075.9155998911133
2024-01-07 05:00:00,1066.7574976563453
2024-01-07 06:00:00,1080.397733793072
2024-01-07 07:00:00,1047.1728956610973
2024-01-07 08:00:00,1067.8688538332697
2024-01-07 09:00:00,1067.188318377744
2024-01-07 10:00:00,1035.8206122942233
2024-01-07 11:00:00,986.9481968915105
2024-01-07 12:00:00,959.7081560473762
2024-01-07 13:00:00,949.3379898568822
2024-01-07 14:00:00,927.7429381150152
2024-01-07 15:00:00,909.4444282740052
2024-01-07 16:00:00,861.7632019319113
2024-01-07 17:00:00,889.0315225866905
2024-01-07 18:00:00,846.5466529566567
2024-01-07 19:00:00,869.7038704271924
2024-01-07 20:00:00,875.7027925481505
2024-01-07 21:00:00,916.9904892283898
2024-01-07 22:00:00,911.887057499425
2024-01-07 23:00:00,957.1973866947109
2024-01-08 00:00:00,997.7087078101279
2024-01-08 01:00:00,1056.0653066468494
2024-01-08 02:00:00,1040.099626234196
2024-01-08 03:00:00,1080.1127176532539
2024-01-08 04:00:00,1104.6419219271859
2024-01-08 05:00:00,1154.001060635912
2024-01-08 06:00:00,1135.2333971930223
2024-01-08 07:00:00,1135.4604705632769
2024-01-08 08:00:00,1136.886472298418
2024-01-08 09:00:00,1098.6890998229035
2024-01-08 10:00:00,1070.5417696911743
2024-01-08 11:00:00,1062.0294438825542
2024-01-08 12:00:00,1044.4490057672951
2024-01-08 13:00:00,1001.097136498248
2024-01-08 14:00:00,969.9579965184126
2024-01-08 15:00:00,968.5399081972344
2024-01-08 16:00:00,930.5288151686728
2024-01-08 17:00:00,904.8322570161706
2024-01-08 18:00:00,922.8814703272678
2024-01-08 19:00:00,949.775686235873
2024-01-08 20:00:00,968.8741911384309
2024-01-08 21:00:00,970.1647371286283
2024-01-08 22:00:00,1010.3432733600944
2024-01-08 23:00:00,1047.5122915998766
2024-01-09 00:00:00,1076.2764376958146
2024-01-09 01:00:00,1084.398618127253
2024-01-09 02:00:00,1129.620118601131
2024-01-09 03:00:00,1190.9241789004775
2024-01-09 04:00:00,1179.5800492653923
2024-01-09 05:00:00,1183.0405866879119
2024-01-09 06:00:00,1187.7398243521152
2024-01-09 07:00:00,1204.76127436094
2024-01-09 08:00:00,1165.7994110820125
2024-01-09 09:00:00,1159.4963486953159
2024-01-09 10:00:00,1136.0928979036587
2024-01-09 11:00:00,1116.5560171733407
2024-01-09 12:00:00,1071.8465973636114
2024-01-09 13:00:00,1071.2730727888995
2024-01-09 14:00:00,1025.2712582495262
2024-01-09 15:00:00,1000.038953040849
2024-01-09 16:00:00,993.8801388515492
2024-01-09 17:00:00,996.2683624524249
2024-01-09 18:00:00,975.9354464361621
2024-01-09 19:00:00,963.5231745970759
2024-01-09 20:00:00,978.5653601066442
2024-01-09 21:00:00,992.0680741439497
2024-01-09 22:00:00,1036.473789252877
2024-01-09 23:00:00,1033.8320462181082
2024-01-10 00:00:00,1077.4392480487882
2024-01-10 01:00:00,1090.2680707401528
2024-01-10 02:00:00,1146.0497326633254
2024-01-10 03:00:00,1164.5451078383473
2024-01-10 04:00:00,1184.95622082726
2024-01-10 05:00:00,1189.3295559833005
2024-01-10 06:00:00,1215.0893767562757
2024-01-10 07:00:00,1198.2687888976943
2024-01-10 08:00:00,1209.2722873893795
2024-01-10 09:00:00,1172.7613846897664
2024-01-10 10:00:00,1125.3731255013658
2024-01-10 11:00:00,1103.4404571968103
2024-01-10 12:00:00,1079.8369603878261
2024-01-10 13:00:00,1030.8132151051639
2024-01-10 14:00:00,1017.4029462189625
2024-01-10 15:00:00,983.0109465130708
2024-01-10 16:00:00,977.5383734941236
2024-01-10 17:00:00,932.8763398573469
2024-01-10 18:00:00,948.5163279950625
2024-01-10 19:00:00,933.1844839173339
2024-01-10 20:00:00,941.4764682646216
2024-01-10 21:00:00,963.691788141116
2024-01-10 22:00:00,984.4817364465371
2024-01-10 23:00:00,995.9879647490155
2024-01-11 00:00:00,1024.467213610465
2024-01-11 01:00:00,1091.2867213391114
2024-01-11 02:00:00,1110.3689772539424
2024-01-11 03:00:00,1111.362889387844
2024-01-11 04:00:00,1104.7978892576016
2024-01-11 05:00:00,1132.3849532563058
2024-01-11 06:00:00,1136.0384934063015
2024-01-11 07:00:00,1149.521286994521
2024-01-11 08:00:00,1120.286657203826
2024-01-11 09:00:00,1091.2986818831305
2024-01-11 10:00:00,1094.0777136194338
2024-01-11 11:00:00,1036.5206675820943
2024-01-11 12:00:00,978.4896401125628
2024-01-11 13:00:00,975.2169925430226
2024-01-11 14:00:00,928.1707750896113
2024-01-11 15:00:00,912.2629256056737
2024-01-11 16:00:00,846.6432955933976
2024-01-11 17:00:00,859.7012967270741
2024-01-11 18:00:00,862.3359589267118
2024-01-11 19:00:00,877.0809964752484
2024-01-11 20:00:00,866.0645060360588
2024-01-11 21:00:00,886.5591963209163
2024-01-11 22:00:00,920.3490562637073
2024-01-11 23:00:00,954.1005874506039
2024-01-12 00:00:00,965.7520539927943
2024-01-12 01:00:00,1008.093004025066
2024-01-12 02:00:00,1010.5141818985468
2024-01-12 03:00:00,1049.9298740049478
2024-01-12 04:00:00,1049.7562775396027
2024-01-12 05:00:00,1055.7190203212654
2024-01-12 06:00:00,1051.4120178680412
2024-01-12 07:00:00,1049.5413703368838
2024-01-12 08:00:00,1060.7823803939675
2024-01-12 09:00:00,1026.6228933409654
2024-01-12 10:00:00,1006.9691413408642
2024-01-12 11:00:00,992.5379858932909
2024-01-12 12:00:00,949.2967453160551
2024-01-12 13:00:00,901.1869254671022
2024-01-12 14:00:00,898.0478781899619
2024-01-12 15:00:00,843.6446339760697
2024-01-12 16:00:00,857.202711248473
2024-01-12 17:00:00,813.3455715276843
2024-01-12 18:00:00,798.0864502026036
2024-01-12 19:00:00,804.2778806527159
2024-01-12 20:00:00,813.830873342534
2024-01-12 21:00:00,845.5774191793897
2024-01-12 22:00:00,860.8558919311863
2024-01-12 23:00:00,881.0912153073067
2024-01-13 00:00:00,942.9642671262965
2024-01-13 01:00:00,930.1680170976122
2024-01-13 02:00:00,969.4384820942996
2024-01-13 03:00:00,1021.2651809683324
2024-01-13 04:00:00,1040.977096893042
2024-01-13 05:00:00,1056.304045819128
2024-01-13 06:00:00,1066.3865752306197
2024-01-13 07:00:00,1018.021534938969
2024-01-13 08:00:00,1036.5180410091018
2024-01-13 09:00:00,1022.0632024077431
2024-01-13 10:00:00,987.1347852918711
2024-01-13 11:00:00,964.1883024303329
2024-01-13 12:00:00,930.271086982684
2024-01-13 13:00:00,892.7699365117669
2024-01-13 14:00:00,862.9027597471816
2024-01-13 15:00:00,846.5759848476614
2024-01-13 16:00:00,799.4810795293388
2024-01-13 17:00:00,811.5839524129718
2024-01-13 18:00:00,821.321484351989
2024-01-13 19:00:00,830.5288857963521
2024-01-13 20:00:00,810.4692495520981
2024-01-13 21:00:00,860.4796422464885
2024-01-13 22:00:00,888.1459417261642
2024-01-13 23:00:00,918.5690430148561
2024-01-14 00:00:00,951.0794069004678
2024-01-14 01:00:00,995.098421578208
2024-01-14 02:00:00,1000.6891008156031
2024-01-14 03:00:00,1044.1718085752066
2024-01-14 04:00:00,1073.6346862170647
2024-01-14 05:00:00,1076.028595943757
2024-01-14 06:00:00,1087.0386395538812
2024-01-14 07:00:00,1052.985187053669
2024-01-14 08:00:00,1053.7464694065054
2024-01-14 09:00:00,1055.519032284277
2024-01-14 10:00:00,1020.5447368535947
2024-01-14 11:00:00,976.4061425457056
2024-01-14 12:00:00,981.9458134433498
2024-01-14 13:00:00,938.6240832507725
2024-01-14 14:00:00,913.8775483311127
2024-01-14 15:00:00,890.9458974930259
2024-01-14 16:00:00,858.2980436712996
2024-01-14 17:00:00,881.5513477016999
2024-01-14 18:00:00,854.0074799761768
2024-01-14 19:00:00,893.2674346697926
2024-01-14 20:00:00,893.2164187440029
2024-01-14 21:00:00,905.3179031386045
2024-01-14 22:00:00,967.9341539495176
2024-01-14 23:00:00,960.6858621697975
2024-01-15 00:00:00,1016.0428416177893
2024-01-15 01:00:00,1047.319278661089
2024-01-15 02:00:00,1067.544433714172
2024-01-15 03:00:00,1112.65253232838
2024-01-15 04:00:00,1109.6664191546051
2024-01-15 05:00:00,1148.866129677247
2024-01-15 06:00:00,1154.2386443731136
2024-01-15 07:00:00,1158.740072378651
2024-01-15 08:00:00,1138.4461589281063
2024-01-15 09:00:00,1111.1240827269075
2024-01-15 10:00:00,1112.1761721651483
2024-01-15 11:00:00,1062.44042466137
2024-01-15 12:00:00,1031.5506545186179
2024-01-15 13:00:00,987.402617889493
2024-01-15 14:00:00,984.4218673104758
2024-01-15 15:00:00,967.8015539442362
2024-01-15 16:00:00,904.5538252948342
2024-01-15 17:00:00,933.4750971400728
2024-01-15 18:00:00,944.3306928918173
2024-01-15 19:00:00,916.1807737194378
2024-01-15 20:00:00,976.4141901021475
2024-01-15 21:00:00,978.5659480670705
2024-01-15 22:00:00,1006.3925162988493
2024-01-15 23:00:00,1008.8902655348608
2024-01-16 00:00:00,1056.4321059046717
2024-01-16 01:00:00,1077.0991615520134
2024-01-16 02:00:00,1121.6939833202432
2024-01-16 03:00:00,1137.0021415927076
2024-01-16 04:00:00,1217.3814733477636
2024-01-16 05:00:00,1201.139893162952
2024-01-16 06:00:00,1217.2228303965676
2024-01-16 07:00:00,1208.7631057531553
2024-01-16 08:00:00,1152.3285609776526
2024-01-16 09:00:00,1156.2353214229472
2024-01-16 10:00:00,1115.3513336433825
2024-01-16 11:00:00,1122.9993076288458
2024-01-16 12:00:00,1049.426247790182
2024-01-16 13:00:00,1032.6875130626383
2024-01-16 14:00:00,1029.0376855918012
2024-01-16 15:00:00,1022.1963456264967
2024-01-16 16:00:00,1005.6825585779573
2024-01-16 17:00:00,945.154705341423
2024-01-16 18:00:00,975.5642015767693
2024-01-16 19:00:00,984.2279262979355
2024-01-16 20:00:00,981.1660913375993
2024-01-16 21:00:00,1011.0547925136074
2024-01-16 22:00:00,1022.9542941352298
2024-01-16 23:00:00,1049.6749071863123
2024-01-17 00:00:00,1078.9794655506396
2024-01-17 01:00:00,1109.8151976450822
2024-01-17 02:00:00,1127.860001689507
2024-01-17 03:00:00,1150.018803337986
2024-01-17 04:00:00,1173.1103486555091
2024-01-17 05:00:00,1195.0013114763951
2024-01-17 06:00:00,1190.4049838007113
2024-01-17 07:00:00,1209.831986101865
2024-01-17 08:00:00,1157.4705404670126
2024-01-17 09:00:00,1185.7902081943969
2024-01-17 10:00:00,1121.6212161088738
2024-01-17 11:00:00,1083.0629335048304
2024-01-17 12:00:00,1077.345984439418
2024-01-17 13:00:00,1023.3167902913654
2024-01-17 14:00:00,1009.0957061617737
2024-01-17 15:00:00,960.0643182305249
2024-01-17 16:00:00,941.9642726466267
2024-01-17 17:00:00,942.9023305688274
2024-01-17 18:00:00,950.3112336626003
2024-01-17 19:00:00,921.7546396380324
2024-01-17 20:00:00,952.8801483449058
2024-01-17 21:00:00,936.6046778711444
2024-01-17 22:00:00,984.464639222103
2024-01-17 23:00:00,1024.0234028690218
2024-01-18 00:00:00,1052.0146008707266
2024-01-18 01:00:00,1053.8355634563393
2024-01-18 02:00:00,1069.4449431714422
2024-01-18 03:00:00,1128.689548833781
2024-01-18 04:00:00,1120.71166135802
2024-01-18 05:00:00,1113.9538951157604
2024-01-18 06:00:00,1158.0868937807686
2024-01-18 07:00:00,1126.8889115296245
2024-01-18 08:00:00,1127.5432490270011
2024-01-18 09:00:00,1093.619823651946
2024-01-18 10:00:00,1054.4913332787821
2024-01-18 11:00:00,1042.5606046520784
2024-01-18 12:00:00,1019.5749935227832
2024-01-18 13:00:00,963.0327869823686
2024-01-18 14:00:00,935.2332696378038
2024-01-18 15:00:00,893.4210696200379
2024-01-18 16:00:00,907.4196838962645
2024-01-18 17:00:00,886.155203841492
2024-01-18 18:00:00,848.3817558144248
2024-01-18 19:00:00,867.7210509482791
2024-01-18 20:00:00,877.2679561835712
2024-01-18 21:00:00,914.9530917482372
2024-01-18 22:00:00,928.4300405078446
2024-01-18 23:00:00,966.6740757933064
2024-01-19 00:00:00,948.7449244947709
2024-01-19 01:00:00,1008.4346529907418
2024-01-19 02:00:00,1025.0966526816217
2024-01-19 03:00:00,1056.6582746058923
2024-01-19 04:00:00,1056.6938663245808
2024-01-19 05:00:00,1070.0073721021586
2024-01-19 06:00:00,1066.5303725207236
2024-01-19 07:00:00,1061.6817994428739
2024-01-19 08:00:00,1044.3891758337745
2024-01-19 09:00:00,1042.3312481968771
2024-01-19 10:00:00,1012.5256717476068
2024-01-19 11:00:00,984.493550942226
2024-01-19 12:00:00,937.7215696983504
2024-01-19 13:00:00,922.4885587563728
2024-01-19 14:00:00,867.6716812767276
2024-01-19 15:00:00,870.4853858770196
2024-01-19 16:00:00,864.8262931706216
2024-01-19 17:00:00,849.031086978457
2024-01-19 18:00:00,828.3275341908214
2024-01-19 19:00:00,810.0935575161529
2024-01-19 20:00:00,828.3505059853086
2024-01-19 21:00:00,830.1313916911558
2024-01-19 22:00:00,868.5058570091354
2024-01-19 23:00:00,868.6436761770652
2024-01-20 00:00:00,906.8035741123999
2024-01-20 01:00:00,955.402437826304
2024-01-20 02:00:00,986.7059625446734
2024-01-20 03:00:00,993.4555104264217
2024-01-20 04:00:00,1059.675131004072
2024-01-20 05:00:00,1054.9540518337037
2024-01-20 06:00:00,1038.185418038953
2024-01-20 07:00:00,1069.5565938832542
2024-01-20 08:00:00,1028.198846384938
2024-01-20 09:00:00,1000.3304406818686
2024-01-20 10:00:00,1013.3562443814409
2024-01-20 11:00:00,956.0197406167308
2024-01-20 12:00:00,917.1372450185041
2024-01-20 13:00:00,925.3036419598693
2024-01-20 14:00:00,881.0457297060453
2024-01-20 15:00:00,872.189414562019
2024-01-20 16:00:00,811.9321691750737
2024-01-20 17:00:00,832.7897164765825
2024-01-20 18:00:00,830.246148822936
2024-01-20 19:00:00,840.6841262664581
2024-01-20 20:00:00,811.050791925583
2024-01-20 21:00:00,869.9788108022318
2024-01-20 22:00:00,887.1237633291997
2024-01-20 23:00:00,916.0456869349397
2024-01-21 00:00:00,940.6504804267311
2024-01-21 01:00:00,990.6895169204611
2024-01-21 02:00:00,1002.436400600138
2024-01-21 03:00:00,1033.6987949062511
2024-01-21 04:00:00,1050.6268574753947
2024-01-21 05:00:00,1091.6809142354523
2024-01-21 06:00:00,1045.8510386928324
2024-01-21 07:00:00,1095.2046104378219
2024-01-21 08:00:00,1049.3914690439497
2024-01-21 09:00:00,1030.3240020935948
2024-01-21 10:00:00,1017.924179191316
2024-01-21 11:00:00,1003.5165812244169
2024-01-21 12:00:00,1003.2084281826855
2024-01-21 13:00:00,949.195853644401
2024-01-21 14:00:00,902.2640570446252
2024-01-21 15:00:00,895.1907280483464
2024-01-21 16:00:00,880.2423883228341
2024-01-21 17:00:00,853.3004911810006
2024-01-21 18:00:00,866.3748097499144
2024-01-21 19:00:00,869.0301742155046
2024-01-21 20:00:00,898.3952514282104
2024-01-21 21:00:00,899.986456117864
2024-01-21 22:00:00,943.6646466971562
2024-01-21 23:00:00,960.4030059099687
2024-01-22 00:00:00,998.7948932840577
2024-01-22 01:00:00,1039.1520426440572
2024-01-22 02:00:00,1076.9408468813403
2024-01-22 03:00:00,1108.172960312423
2024-01-22 04:00:00,1096.7935086392777
2024-01-22 05:00:00,1148.3379488237763
2024-01-22 06:00:00,1158.7571433656974
2024-01-22 07:00:00,1179.6307724265969
2024-01-22 08:00:00,1118.590389558795
2024-01-22 09:00:00,1097.0775210006454
2024-01-22 10:00:00,1122.5434594167057
2024-01-22 11:00:00,1056.7999218036587
2024-01-22 12:00:00,1026.3871525385805
2024-01-22 13:00:00,994.2427050337529
2024-01-22 14:00:00,996.375932973022
2024-01-22 15:00:00,943.0835402014886
2024-01-22 16:00:00,959.1602912989249
2024-01-22 17:00:00,948.4189570048408
2024-01-22 18:00:00,929.585465174952
2024-01-22 19:00:00,938.3227532188773
2024-01-22 20:00:00,964.2169713393797
2024-01-22 21:00:00,994.1665759771593
2024-01-22 22:00:00,1001.6816735297397
2024-01-22 23:00:00,1028.3118921997539
2024-01-23 00:00:00,1060.8177785038047
2024-01-23 01:00:00,1107.235508747365
2024-01-23 02:00:00,1165.3945471194768
2024-01-23 03:00:00,1140.8441402197052
2024-01-23 04:00:00,1154.5074970575724
2024-01-23 05:00:00,1183.03831837938
2024-01-23 06:00:00,1228.1538713634015
2024-01-23 07:00:00,1192.4439110141836
2024-01-23 08:00:00,1194.053758786052
2024-01-23 09:00:00,1167.1735396167742
2024-01-23 10:00:00,1181.9945251798526
2024-01-23 11:00:00,1116.2838793685657
2024-01-23 12:00:00,1073.581473039345
2024-01-23 13:00:00,1044.5527294744466
2024-01-23 14:00:00,1026.2509157897857
2024-01-23 15:00:00,1024.2392728478692
2024-01-23 16:00:00,1006.8518159336915
2024-01-23 17:00:00,939.8615110612551
2024-01-23 18:00:00,942.9228754399727
2024-01-23 19:00:00,954.7725668307837
2024-01-23 20:00:00,990.1577402547508
2024-01-23 21:00:00,1001.6606584327017
2024-01-23 22:00:00,1005.84483031579
2024-01-23 23:00:00,1077.251368541592
2024-01-24 00:00:00,1103.3685828055563
2024-01-24 01:00:00,1096.0523309590164
2024-01-24 02:00:00,1139.0651001544068
2024-01-24 03:00:00,1149.5517137753216
2024-01-24 04:00:00,1172.5112239687533
2024-01-24 05:00:00,1192.1040955295791
2024-01-24 06:00:00,1209.9098119948649
2024-01-24 07:00:00,1211.8999295825386
2024-01-24 08:00:00,1189.3853973616021
2024-01-24 09:00:00,1159.0080287765284
2024-01-24 10:00:00,1133.2660953086809
2024-01-24 11:00:00,1113.4178224029247
2024-01-24 12:00:00,1055.9321225122621
2024-01-24 13:00:00,1051.080890140102
2024-01-24 14:00:00,1031.9323561180806
2024-01-24 15:00:00,974.3235153416722
2024-01-24 16:00:00,964.6299423154114
2024-01-24 17:00:00,933.5901720394652
2024-01-24 18:00:00,938.8970911929026
2024-01-24 19:00:00,917.3252436409022
2024-01-24 20:00:00,967.870170635173
2024-01-24 21:00:00,962.36836699558
2024-01-24 22:00:00,990.3442693274367
2024-01-24 23:00:00,1006.3149387593633
2024-01-25 00:00:00,1054.8750896804263
2024-01-25 01:00:00,1054.9367868971751
2024-01-25 02:00:00,1101.0750258849278
2024-01-25 03:00:00,1129.9037677793626
2024-01-25 04:00:00,1118.3115682160108
2024-01-25 05:00:00,1148.0028332366765
2024-01-25 06:00:00,1143.3661105222843
2024-01-25 07:00:00,1132.4062064532234
2024-01-25 08:00:00,1124.3078833633285
2024-01-25 09:00:00,1076.8599278131774
2024-01-25 10:00:00,1077.6677228919737
2024-01-25 11:00:00,1078.101889342678
2024-01-25 12:00:00,1010.2967154429673
2024-01-25 13:00:00,959.4119903395272
2024-01-25 14:00:00,959.1054681653364
2024-01-25 15:00:00,940.1468833745453
2024-01-25 16:00:00,912.7708881959855
2024-01-25 17:00:00,894.5357917051492
2024-01-25 18:00:00,867.1153021701691
2024-01-25 19:00:00,874.5878157457179
2024-01-25 20:00:00,881.4805453747892
2024-01-25 21:00:00,883.3368567944605
2024-01-25 22:00:00,920.955363273751
2024-01-25 23:00:00,921.1476378896973
2024-01-26 00:00:00,972.9463971122806
2024-01-26 01:00:00,1017.326927141315
2024-01-26 02:00:00,1055.3926851626582
2024-01-26 03:00:00,1043.6904285112082
2024-01-26 04:00:00,1039.6286897953519
2024-01-26 05:00:00,1073.6003179507811
2024-01-26 06:00:00,1070.436251134844
2024-01-26 07:00:00,1072.0340260367643
2024-01-26 08:00:00,1047.857302684123
2024-01-26 09:00:00,1009.7446301952945
2024-01-26 10:00:00,1004.5054422510426
2024-01-26 11:00:00,971.6179093482571
2024-01-26 12:00:00,955.3418671509952
2024-01-26 13:00:00,905.5153957696853
2024-01-26 14:00:00,870.2088539274908
2024-01-26 15:00:00,875.2582514391936
2024-01-26 16:00:00,815.6222050412804
2024-01-26 17:00:00,802.4976856713819
2024-01-26 18:00:00,802.9468520391431
2024-01-26 19:00:00,851.1698148581359
2024-01-26 20:00:00,833.5745240522024
2024-01-26 21:00:00,834.6665507653696
2024-01-26 22:00:00,850.6056497215691
2024-01-26 23:00:00,911.8859216585303
2024-01-27 00:00:00,908.8018745114985
2024-01-27 01:00:00,953.7014614649182
2024-01-27 02:00:00,971.5985201201934
2024-01-27 03:00:00,990.5184591073913
2024-01-27 04:00:00,1015.8616760736987
2024-01-27 05:00:00,1041.726651189192
2024-01-27 06:00:00,1060.9691868598054
2024-01-27 07:00:00,1025.7965992114825
2024-01-27 08:00:00,1043.2392721795534
2024-01-27 09:00:00,1035.0111235286251
2024-01-27 10:00:00,1012.2256111089014
2024-01-27 11:00:00,931.3380011619561
2024-01-27 12:00:00,913.6386623166619
2024-01-27 13:00:00,906.9649084234894
2024-01-27 14:00:00,862.06684448156
2024-01-27 15:00:00,835.9225664127156
2024-01-27 16:00:00,815.2424915773055
2024-01-27 17:00:00,825.7525534606244
2024-01-27 18:00:00,828.3522953637123
2024-01-27 19:00:00,835.7111562596389
2024-01-27 20:00:00,818.5104517370797
2024-01-27 21:00:00,870.4124723982944
2024-01-27 22:00:00,885.2280343037646
2024-01-27 23:00:00,917.0940585835239
2024-01-28 00:00:00,939.492787988873
2024-01-28 01:00:00,971.4960888279256
2024-01-28 02:00:00,1006.3255406800279
2024-01-28 03:00:00,1055.5189502523071
2024-01-28 04:00:00,1087.8844125371168
2024-01-28 05:00:00,1062.5355084888897
2024-01-28 06:00:00,1081.0285822122967
2024-01-28 07:00:00,1077.1980627437995
2024-01-28 08:00:00,1054.980440239098
2024-01-28 09:00:00,1047.0010422486268
2024-01-28 10:00:00,1024.9557344671148
2024-01-28 11:00:00,982.1601290608764
2024-01-28 12:00:00,983.6367849640455
2024-01-28 13:00:00,945.9625207057148
2024-01-28 14:00:00,939.8746130954596
2024-01-28 15:00:00,865.8527563435829
2024-01-28 16:00:00,879.5898957061203
2024-01-28 17:00:00,877.5025068787556
2024-01-28 18:00:00,873.1655775303832
2024-01-28 19:00:00,862.7364274285039
2024-01-28 20:00:00,916.3118537992896
2024-01-28 21:00:00,918.5897202948395
2024-01-28 22:00:00,926.2703521670138
2024-01-28 23:00:00,982.2279958191664
2024-01-29 00:00:00,1019.1622045036083
2024-01-29 01:00:00,1051.6638282385484
2024-01-29 02:00:00,1062.534537748398
2024-01-29 03:00:00,1103.3935803094487
2024-01-29 04:00:00,1126.439458288396
2024-01-29 05:00:00,1123.4851673923513
2024-01-29 06:00:00,1172.2231734055317
2024-01-29 07:00:00,1177.087653395262
2024-01-29 08:00:00,1144.691463960467
2024-01-29 09:00:00,1123.4850768117478
2024-01-29 10:00:00,1101.3931078199173
2024-01-29 11:00:00,1055.0667446743253
2024-01-29 12:00:00,1045.9244053145667
2024-01-29 13:00:00,1034.7643946337466
2024-01-29 14:00:00,962.9086520687719
2024-01-29 15:00:00,966.2128238920819
2024-01-29 16:00:00,972.7412988218939
2024-01-29 17:00:00,960.8573277204209
2024-01-29 18:00:00,932.8064509593879
2024-01-29 19:00:00,914.3882815079713
2024-01-29 20:00:00,955.927872257313
2024-01-29 21:00:00,953.5112824720594
2024-01-29 22:00:00,1018.0589506767858
2024-01-29 23:00:00,1013.8470888913292
2024-01-30 00:00:00,1067.505952327311
2024-01-30 01:00:00,1109.4116541672518
2024-01-30 02:00:00,1144.0286359706747
2024-01-30 03:00:00,1167.599205642949
2024-01-30 04:00:00,1182.0918043894378
2024-01-30 05:00:00,1181.025695437635
2024-01-30 06:00:00,1183.0447360799155
2024-01-30 07:00:00,1221.4358699520371
2024-01-30 08:00:00,1161.1515343656727
2024-01-30 09:00:00,1181.552757895827
2024-01-30 10:00:00,1148.426805751656
2024-01-30 11:00:00,1119.6812972294924
2024-01-30 12:00:00,1081.1305345299857
2024-01-30 13:00:00,1068.8743992569066
2024-01-30 14:00:00,1030.5408970631524
2024-01-30 15:00:00,1011.5971243177381
2024-01-30 16:00:00,987.8378433144942
2024-01-30 17:00:00,987.3789245331095
2024-01-30 18:00:00,975.0518866246235
2024-01-30 19:00:00,982.9267847903145
2024-01-30 20:00:00,1014.4685786550305
2024-01-30 21:00:00,1007.93252837241
2024-01-30 22:00:00,1031.336736725635
2024-01-30 23:00:00,1040.6487304144975
2024-01-31 00:00:00,1056.5112754927634
2024-01-31 01:00:00,1144.925196517665
2024-01-31 02:00:00,1132.4325223908888
2024-01-31 03:00:00,1175.249493100916
2024-01-31 04:00:00,1196.8294106504543
2024-01-31 05:00:00,1167.4234811186186
2024-01-31 06:00:00,1191.7368188070634
2024-01-31 07:00:00,1196.9254123085439
2024-01-31 08:00:00,1171.8260232904936
2024-01-31 09:00:00,1183.1465362370468
2024-01-31 10:00:00,1124.8877848797101
2024-01-31 11:00:00,1108.0652970619549
2024-01-31 12:00:00,1046.344518152813
2024-01-31 13:00:00,1062.653816891722
2024-01-31 14:00:00,990.5169955030385
2024-01-31 15:00:00,951.7899048222451
2024-01-31 16:00:00,937.9934832882221
2024-01-31 17:00:00,930.6099989532659
2024-01-31 18:00:00,915.668574447607
2024-01-31 19:00:00,932.1932956358826
2024-01-31 20:00:00,965.4974365343833
2024-01-31 21:00:00,993.008383300099
2024-01-31 22:00:00,1000.7777033736122
2024-01-31 23:00:00,1020.2153974423647
2024-02-01 00:00:00,1060.6292354653144
2024-02-01 01:00:00,1080.005131509569
2024-02-01 02:00:00,1094.8126450527557
2024-02-01 03:00:00,1158.90646820104
2024-02-01 04:00:00,1123.5873533725044
2024-02-01 05:00:00,1140.946909695842
2024-02-01 06:00:00,1147.134264048508
2024-02-01 07:00:00,1136.2309678407307
2024-02-01 08:00:00,1127.9675088028016
2024-02-01 09:00:00,1106.2720721117423
2024-02-01 10:00:00,1082.824032879845
2024-02-01 11:00:00,1049.3362386481617
2024-02-01 12:00:00,991.5997125936984
2024-02-01 13:00:00,988.7579852753737
2024-02-01 14:00:00,957.337944778433
2024-02-01 15:00:00,952.6302590188421
2024-02-01 16:00:00,897.262246741528
2024-02-01 17:00:00,899.323230788183
2024-02-01 18:00:00,880.5897544230002
2024-02-01 19:00:00,863.7607688667465
2024-02-01 20:00:00,878.1090902225437
2024-02-01 21:00:00,876.6774874710163
2024-02-01 22:00:00,908.1789385134269
2024-02-01 23:00:00,938.301421957084
2024-02-02 00:00:00,969.9687366960861
2024-02-02 01:00:00,984.8066062556973
2024-02-02 02:00:00,1055.31425152944
2024-02-02 03:00:00,1056.201619911024
2024-02-02 04:00:00,1053.5539090775335
2024-02-02 05:00:00,1080.5700310897387
2024-02-02 06:00:00,1094.584324251562
2024-02-02 07:00:00,1083.9289578798316
2024-02-02 08:00:00,1088.9397997118165
2024-02-02 09:00:00,1021.1910469147339
2024-02-02 10:00:00,991.9630291582006
2024-02-02 11:00:00,991.3654447979201
2024-02-02 12:00:00,954.2392011767358
2024-02-02 13:00:00,904.1549009459069
2024-02-02 14:00:00,884.8014306126101
2024-02-02 15:00:00,870.8501337604345
2024-02-02 16:00:00,835.7304571290719
2024-02-02 17:00:00,799.0951325385472
2024-02-02 18:00:00,796.298662893996
2024-02-02 19:00:00,802.7111078793415
2024-02-02 20:00:00,808.6942491278486
2024-02-02 21:00:00,838.5316769012949
2024-02-02 22:00:00,870.0557868568862
2024-02-02 23:00:00,921.2528885950189
2024-02-03 00:00:00,928.0195201344758
2024-02-03 01:00:00,976.3430326939888
2024-02-03 02:00:00,986.4677782480559
2024-02-03 03:00:00,999.6829992835654
2024-02-03 04:00:00,1031.550277152046
2024-02-03 05:00:00,1014.0925187899094
2024-02-03 06:00:00,1067.3518020114625
2024-02-03 07:00:00,1062.2072731986711
2024-02-03 08:00:00,1029.8947857467092
2024-02-03 09:00:00,1014.6932012540261
2024-02-03 10:00:00,979.3061137012356
2024-02-03 11:00:00,961.9884918663653
2024-02-03 12:00:00,952.3378331065442
2024-02-03 13:00:00,883.9179626407906
2024-02-03 14:00:00,900.6336089624041
2024-02-03 15:00:00,852.7080141173749
2024-02-03 16:00:00,810.6279892633275
2024-02-03 17:00:00,803.2689387355719
2024-02-03 18:00:00,819.0154891596278
2024-02-03 19:00:00,860.5175354016565
2024-02-03 20:00:00,831.9528870184871
2024-02-03 21:00:00,857.9798794453922
2024-02-03 22:00:00,852.9903349798062
2024-02-03 23:00:00,908.9694582539604
2024-02-04 00:00:00,960.5744882940631
2024-02-04 01:00:00,992.3193028215286
2024-02-04 02:00:00,1017.6809406108753
2024-02-04 03:00:00,1060.1107966436498
2024-02-04 04:00:00,1056.1944447456342
2024-02-04 05:00:00,1087.402172875438
2024-02-04 06:00:00,1075.1761910753796
2024-02-04 07:00:00,1093.6874160217221
2024-02-04 08:00:00,1077.125159186412
2024-02-04 09:00:00,1058.5023842600383
2024-02-04 10:00:00,1038.3812710716134
2024-02-04 11:00:00,996.6492106246313
2024-02-04 12:00:00,969.7492173477824
2024-02-04 13:00:00,947.2231255217629
2024-02-04 14:00:00,936.3893499815971
2024-02-04 15:00:00,871.0864164646646
2024-02-04 16:00:00,892.1732388752314
2024-02-04 17:00:00,853.7304378993929
2024-02-04 18:00:00,878.5306195190257
2024-02-04 19:00:00,879.1871229091806
2024-02-04 20:00:00,864.017666477929
2024-02-04 21:00:00,913.6580843315375
2024-02-04 22:00:00,943.0508527791932
2024-02-04 23:00:00,996.8609770101036
2024-02-05 00:00:00,1020.2159881896155
2024-02-05 01:00:00,1024.3837742206813
2024-02-05 02:00:00,1083.411758033776
2024-02-05 03:00:00,1087.2166656723325
2024-02-05 04:00:00,1135.8866434167169
2024-02-05 05:00:00,1121.9567881374737
2024-02-05 06:00:00,1163.5361402206395
2024-02-05 07:00:00,1140.7358568205539
2024-02-05 08:00:00,1147.7951892633575
2024-02-05 09:00:00,1095.6197851187735
2024-02-05 10:00:00,1115.6824163880804
2024-02-05 11:00:00,1069.416722161343
2024-02-05 12:00:00,1051.2234010669636
2024-02-05 13:00:00,1029.6854288341356
2024-02-05 14:00:00,989.3865071732698
2024-02-05 15:00:00,974.8550121915397
2024-02-05 16:00:00,965.1470100238846
2024-02-05 17:00:00,943.5899519934119
2024-02-05 18:00:00,957.1593232462156
2024-02-05 19:00:00,947.7429259186513
2024-02-05 20:00:00,971.9383127815626
2024-02-05 21:00:00,981.5451051689448
2024-02-05 22:00:00,978.0656127890029
2024-02-05 23:00:00,1012.292219372046
2024-02-06 00:00:00,1058.7981321960115
2024-02-06 01:00:00,1121.4609254067564
2024-02-06 02:00:00,1141.0560222422591
2024-02-06 03:00:00,1187.4220377514578
2024-02-06 04:00:00,1201.3791071072753
2024-02-06 05:00:00,1207.1165939604105
2024-02-06 06:00:00,1188.0127130660221
2024-02-06 07:00:00,1200.533599268636
2024-02-06 08:00:00,1186.747454325802
2024-02-06 09:00:00,1170.1575130480783
2024-02-06 10:00:00,1130.323555942808
2024-02-06 11:00:00,1094.993513483072
2024-02-06 12:00:00,1117.0426209984146
2024-02-06 13:00:00,1060.9263817951414
2024-02-06 14:00:00,997.9738938032834
2024-02-06 15:00:00,1001.6414170392027
2024-02-06 16:00:00,949.2377314504315
2024-02-06 17:00:00,990.3097017002331
2024-02-06 18:00:00,973.323066049138
2024-02-06 19:00:00,987.9483870531146
2024-02-06 20:00:00,969.2065913387653
2024-02-06 21:00:00,1012.9049901035354
2024-02-06 22:00:00,1034.576267321199
2024-02-06 23:00:00,1066.204863259365
2024-02-07 00:00:00,1102.6391086200563
2024-02-07 01:00:00,1129.23085264026
2024-02-07 02:00:00,1157.3386111222198
2024-02-07 03:00:00,1175.6391584731693
2024-02-07 04:00:00,1186.6197369805777
2024-02-07 05:00:00,1197.191795436447
2024-02-07 06:00:00,1236.4588573164615
2024-02-07 07:00:00,1178.364654278054
2024-02-07 08:00:00,1182.021050388415
2024-02-07 09:00:00,1130.648057296569
2024-02-07 10:00:00,1144.0419837795098
2024-02-07 11:00:00,1102.6871570630215
2024-02-07 12:00:00,1093.344894354739
2024-02-07 13:00:00,1015.7886113193799
2024-02-07 14:00:00,987.3768060939328
2024-02-07 15:00:00,975.7266658013251
2024-02-07 16:00:00,956.2870172696212
2024-02-07 17:00:00,948.4279529837127
2024-02-07 18:00:00,924.9151065031461
2024-02-07 19:00:00,929.2991088913107
2024-02-07 20:00:00,958.3628199750237
2024-02-07 21:00:00,956.3342369720801
2024-02-07 22:00:00,991.4073034422433
2024-02-07 23:00:00,987.2292269556442
2024-02-08 00:00:00,1037.2447457041144
2024-02-08 01:00:00,1100.2892196761964
2024-02-08 02:00:00,1104.4891794089904
2024-02-08 03:00:00,1128.048332499046
2024-02-08 04:00:00,1126.0332741283
2024-02-08 05:00:00,1157.4649178168506
2024-02-08 06:00:00,1176.6987680060117
2024-02-08 07:00:00,1120.901889929979
2024-02-08 08:00:00,1117.0765547247136
2024-02-08 09:00:00,1115.8760011851787
2024-02-08 10:00:00,1052.3313442722572
2024-02-08 11:00:00,1038.081543472158
2024-02-08 12:00:00,1022.9639285444074
2024-02-08 13:00:00,959.9390212000507
2024-02-08 14:00:00,945.623646197878
2024-02-08 15:00:00,926.2420668427415
2024-02-08 16:00:00,916.5151854466031
2024-02-08 17:00:00,879.4592790852918
2024-02-08 18:00:00,864.1384647836616
2024-02-08 19:00:00,853.0844758121868
2024-02-08 20:00:00,894.6206406933342
2024-02-08 21:00:00,903.0114630691432
2024-02-08 22:00:00,907.4411489765523
2024-02-08 23:00:00,927.9800810865631
2024-02-09 00:00:00,967.5615817390286
2024-02-09 01:00:00,977.2854666540542
2024-02-09 02:00:00,1024.0117670948987
2024-02-09 03:00:00,1058.6971340995417
2024-02-09 04:00:00,1070.9043934002648
2024-02-09 05:00:00,1073.4078329846516
2024-02-09 06:00:00,1070.89025925848
2024-02-09 07:00:00,1076.111368937301
2024-02-09 08:00:00,1097.3973157333323
2024-02-09 09:00:00,1024.2794563392015
2024-02-09 10:00:00,1015.6018017380991
2024-02-09 11:00:00,954.4110645285305
2024-02-09 12:00:00,912.6787555144867
2024-02-09 13:00:00,899.4597737045812
2024-02-09 14:00:00,875.4484752779956
2024-02-09 15:00:00,865.7312893953551
2024-02-09 16:00:00,822.9175407730784
2024-02-09 17:00:00,819.164974916791
2024-02-09 18:00:00,833.2394240629077
2024-02-09 19:00:00,831.6013731925848
2024-02-09 20:00:00,821.84050420006
2024-02-09 21:00:00,839.8270680695704
2024-02-09 22:00:00,857.578015649969
2024-02-09 23:00:00,896.1120793109862
2024-02-10 00:00:00,886.1401925936847
2024-02-10 01:00:00,950.7849578589563
2024-02-10 02:00:00,1014.4089499639235
2024-02-10 03:00:00,1023.281032575522
2024-02-10 04:00:00,1056.6642210758414
2024-02-10 05:00:00,1069.9065812860658
2024-02-10 06:00:00,1061.2783576892862
2024-02-10 07:00:00,1062.100101076954
2024-02-10 08:00:00,1028.7952869803264
2024-02-10 09:00:00,1038.656751683583
2024-02-10 10:00:00,988.4888852979177
2024-02-10 11:00:00,938.2475439961754
2024-02-10 12:00:00,952.9517619931494
2024-02-10 13:00:00,879.5441051284553
2024-02-10 14:00:00,888.8049707064645
2024-02-10 15:00:00,861.7292482755525
2024-02-10 16:00:00,824.7467549254962
2024-02-10 17:00:00,801.9783668483758
2024-02-10 18:00:00,820.1686220392211
2024-02-10 19:00:00,829.7047567216407
2024-02-10 20:00:00,847.2705067718761
2024-02-10 21:00:00,870.8775894056868
2024-02-10 22:00:00,892.4251719218149
2024-02-10 23:00:00,899.3616239977265
2024-02-11 00:00:00,957.8338774052517
2024-02-11 01:00:00,958.1129838527327
2024-02-11 02:00:00,1000.9926916927647
2024-02-11 03:00:00,1070.0404093884604
2024-02-11 04:00:00,1051.397803292791
2024-02-11 05:00:00,1075.4723598256157
2024-02-11 06:00:00,1078.3528272368417
2024-02-11 07:00:00,1052.582063538562
2024-02-11 08:00:00,1054.6709748135106
2024-02-11 09:00:00,1029.3752338038137
2024-02-11 10:00:00,1053.7596945528096
2024-02-11 11:00:00,1003.7841039285225
2024-02-11 12:00:00,960.7943729654967
2024-02-11 13:00:00,950.7223263709008
2024-02-11 14:00:00,910.3091890770089
2024-02-11 15:00:00,911.416685948713
2024-02-11 16:00:00,877.2119234677737
2024-02-11 17:00:00,860.4954391579714
2024-02-11 18:00:00,894.9517781736616
2024-02-11 19:00:00,857.3037826175499
2024-02-11 20:00:00,909.1723140177991
2024-02-11 21:00:00,881.052600039548
2024-02-11 22:00:00,945.0202133698505
2024-02-11 23:00:00,1007.7183172443115
2024-02-12 00:00:00,1035.5380662710113
2024-02-12 01:00:00,1061.2424799190721
2024-02-12 02:00:00,1073.1511166530809
2024-02-12 03:00:00,1101.1603029361506
2024-02-12 04:00:00,1124.4813176384075
2024-02-12 05:00:00,1144.1505463733333
2024-02-12 06:00:00,1151.1764811850492
2024-02-12 07:00:00,1153.1447304355179
2024-02-12 08:00:00,1145.1131163667776
2024-02-12 09:00:00,1098.905123652091
2024-02-12 10:00:00,1102.9244928657315
2024-02-12 11:00:00,1062.6904063042157
2024-02-12 12:00:00,1005.6402272935494
2024-02-12 13:00:00,1012.2171991552071
2024-02-12 14:00:00,991.6352145334944
2024-02-12 15:00:00,971.2149241556745
2024-02-12 16:00:00,926.5574059462463
2024-02-12 17:00:00,924.001025301496
2024-02-12 18:00:00,952.9273733287963
2024-02-12 19:00:00,949.2536818298239
2024-02-12 20:00:00,959.1385160609356
2024-02-12 21:00:00,957.2943309760642
2024-02-12 22:00:00,1029.2607058535655
2024-02-12 23:00:00,1064.9860769173633
2024-02-13 00:00:00,1059.9334146212163
2024-02-13 01:00:00,1119.6219272559504
2024-02-13 02:00:00,1135.5862690627655
2024-02-13 03:00:00,1166.7620963478116
2024-02-13 04:00:00,1192.4516236420066
2024-02-13 05:00:00,1213.4462245322388
2024-02-13 06:00:00,1200.660279784692
2024-02-13 07:00:00,1226.744526480938
2024-02-13 08:00:00,1196.273145991549
2024-02-13 09:00:00,1163.0482602728189
2024-02-13 10:00:00,1131.5498668518908
2024-02-13 11:00:00,1110.7861665792855
2024-02-13 12:00:00,1074.9934445682716
2024-02-13 13:00:00,1064.276604288436
2024-02-13 14:00:00,1020.7676807930059
2024-02-13 15:00:00,986.7862737205543
2024-02-13 16:00:00,979.4339031274855
2024-02-13 17:00:00,986.9691810915426
2024-02-13 18:00:00,976.4128435739699
2024-02-13 19:00:00,959.0961949248868
2024-02-13 20:00:00,967.5692305147427
2024-02-13 21:00:00,1003.9222569250707
2024-02-13 22:00:00,1057.2493196794815
2024-02-13 23:00:00,1047.963801705238
2024-02-14 00:00:00,1100.2874809894465
2024-02-14 01:00:00,1138.345902629342
2024-02-14 02:00:00,1170.1602174182883
2024-02-14 03:00:00,1158.0769069460437
2024-02-14 04:00:00,1193.5749812954998
2024-02-14 05:00:00,1209.983772973657
2024-02-14 06:00:00,1211.1925498008873
2024-02-14 07:00:00,1157.79947380726
2024-02-14 08:00:00,1195.8358855188014
2024-02-14 09:00:00,1161.5015380847271
2024-02-14 10:00:00,1163.0951613362708
2024-02-14 11:00:00,1097.8143853623094
2024-02-14 12:00:00,1055.4125967999887
2024-02-14 13:00:00,1017.6585515863795
2024-02-14 14:00:00,1011.071628525177
2024-02-14 15:00:00,981.7992780357788
2024-02-14 16:00:00,970.9189181023123
2024-02-14 17:00:00,929.221472636007
2024-02-14 18:00:00,936.681142069044
2024-02-14 19:00:00,952.6457727411935
2024-02-14 20:00:00,923.5552397741357
2024-02-14 21:00:00,979.8292041786145
2024-02-14 22:00:00,988.8865828518417
2024-02-14 23:00:00,1009.2896902183109
2024-02-15 00:00:00,1058.9826630189707
2024-02-15 01:00:00,1073.0566886552292
2024-02-15 02:00:00,1104.38949594149
2024-02-15 03:00:00,1133.3564630531212
2024-02-15 04:00:00,1126.8835111084775
2024-02-15 05:00:00,1129.2156213956787
2024-02-15 06:00:00,1143.0064214683598
2024-02-15 07:00:00,1131.7613622885317
2024-02-15 08:00:00,1103.2807932875799
2024-02-15 09:00:00,1107.996192995113
2024-02-15 10:00:00,1083.6196400293793
2024-02-15 11:00:00,1051.915360861166
2024-02-15 12:00:00,1008.2649437665775
2024-02-15 13:00:00,968.561711710196
2024-02-15 14:00:00,942.5919736007965
2024-02-15 15:00:00,926.2948792239307
2024-02-15 16:00:00,880.4062634001318
2024-02-15 17:00:00,903.6559052372888
2024-02-15 18:00:00,890.7228772377034
2024-02-15 19:00:00,858.6715622084005
2024-02-15 20:00:00,915.718336422605
2024-02-15 21:00:00,905.172944233534
2024-02-15 22:00:00,954.5251124874543
2024-02-15 23:00:00,958.9127194576819
2024-02-16 00:00:00,968.5096716938428
2024-02-16 01:00:00,1009.4691162609809
2024-02-16 02:00:00,1048.3815018713267
2024-02-16 03:00:00,1051.2545804069862
2024-02-16 04:00:00,1056.8356067095935
2024-02-16 05:00:00,1077.1478615414092
2024-02-16 06:00:00,1077.0215888563018
2024-02-16 07:00:00,1067.0044201662915
2024-02-16 08:00:00,1068.791382148458
2024-02-16 09:00:00,1041.5894331808283
2024-02-16 10:00:00,1023.170269838346
2024-02-16 11:00:00,975.0998171982133
2024-02-16 12:00:00,957.4048348285464
2024-02-16 13:00:00,936.0322981210405
2024-02-16 14:00:00,911.8170724672153
2024-02-16 15:00:00,835.2242947427951
2024-02-16 16:00:00,874.551999015198
2024-02-16 17:00:00,836.8067131222884
2024-02-16 18:00:00,806.1727661452452
2024-02-16 19:00:00,832.1839504596638
2024-02-16 20:00:00,834.8407679023694
2024-02-16 21:00:00,842.6104737684636
2024-02-16 22:00:00,875.6273647651417
2024-02-16 23:00:00,890.4467279019533
2024-02-17 00:00:00,915.1668767578758
2024-02-17 01:00:00,966.1273608038729
2024-02-17 02:00:00,991.4977884959035
2024-02-17 03:00:00,1049.720160810923
2024-02-17 04:00:00,1040.1997855120824
2024-02-17 05:00:00,1072.6830901498433
2024-02-17 06:00:00,1039.4910901773667
2024-02-17 07:00:00,1046.7391056759948
2024-02-17 08:00:00,1043.3099022897316
2024-02-17 09:00:00,1020.8983248123906
2024-02-17 10:00:00,1010.9119184104741
2024-02-17 11:00:00,986.4085013643332
2024-02-17 12:00:00,933.7327480310024
2024-02-17 13:00:00,914.3188315715532
2024-02-17 14:00:00,870.9027727256149
2024-02-17 15:00:00,843.588707006008
2024-02-17 16:00:00,828.251395863694
2024-02-17 17:00:00,840.2107801343124
2024-02-17 18:00:00,837.7155564701933
2024-02-17 19:00:00,830.6678973670487
2024-02-17 20:00:00,855.678421520299
2024-02-17 21:00:00,846.2898940048614
2024-02-17 22:00:00,899.4576621445767
2024-02-17 23:00:00,910.127568450468
2024-02-18 00:00:00,932.4256283542715
2024-02-18 01:00:00,990.7208304418389
2024-02-18 02:00:00,1012.8777444366567
2024-02-18 03:00:00,1061.8323554314243
2024-02-18 04:00:00,1071.5548391407644
2024-02-18 05:00:00,1091.1051904407545
2024-02-18 06:00:00,1098.058454217577
2024-02-18 07:00:00,1051.5411936614862
2024-02-18 08:00:00,1072.2915742575717
2024-02-18 09:00:00,1037.2889923139824
2024-02-18 10:00:00,1002.0851749742889
2024-02-18 11:00:00,1002.9124317163737
2024-02-18 12:00:00,984.4815331584894
2024-02-18 13:00:00,946.0840528373321
2024-02-18 14:00:00,947.6846379589506
2024-02-18 15:00:00,892.9320979542288
2024-02-18 16:00:00,885.2795383955079
2024-02-18 17:00:00,855.5622156997384
2024-02-18 18:00:00,866.8238289259767
2024-02-18 19:00:00,870.6490832948981
2024-02-18 20:00:00,874.5290231758314
2024-02-18 21:00:00,917.8387585355669
2024-02-18 22:00:00,939.1524013318276
2024-02-18 23:00:00,976.793569278087
2024-02-19 00:00:00,1005.802116132266
2024-02-19 01:00:00,1037.50989919384
2024-02-19 02:00:00,1104.2568560880347
2024-02-19 03:00:00,1126.3935061476059
2024-02-19 04:00:00,1104.2085311473027
2024-02-19 05:00:00,1139.3444492058486
2024-02-19 06:00:00,1163.9678963174254
2024-02-19 07:00:00,1136.3128713814108
2024-02-19 08:00:00,1140.3903957727132
2024-02-19 09:00:00,1127.9287591848301
2024-02-19 10:00:00,1114.1102961734248
2024-02-19 11:00:00,1073.3790987717653
2024-02-19 12:00:00,1063.5877719210991
2024-02-19 13:00:00,1017.9499527677791
2024-02-19 14:00:00,1006.4788336278342
2024-02-19 15:00:00,984.8549407131342
2024-02-19 16:00:00,964.1059887250457
2024-02-19 17:00:00,953.1082087819589
2024-02-19 18:00:00,950.8197451028017
2024-02-19 19:00:00,950.3462851164786
2024-02-19 20:00:00,961.9500267330303
2024-02-19 21:00:00,985.787951811306
2024-02-19 22:00:00,1021.9726698635309
2024-02-19 23:00:00,1048.278820963067
2024-02-20 00:00:00,1089.4857482177429
2024-02-20 01:00:00,1118.6108129848471
2024-02-20 02:00:00,1143.9722901724792
2024-02-20 03:00:00,1180.7085353871157
2024-02-20 04:00:00,1166.825345473553
2024-02-20 05:00:00,1162.7551412078049
2024-02-20 06:00:00,1195.418439750979
2024-02-20 07:00:00,1183.7851060504693
2024-02-20 08:00:00,1177.2458498596127
2024-02-20 09:00:00,1168.5110239829494
2024-02-20 10:00:00,1144.068346699278
2024-02-20 11:00:00,1133.8810476110868
2024-02-20 12:00:00,1067.1321392230905
2024-02-20 13:00:00,1071.1358448068418
2024-02-20 14:00:00,1044.4679337323773
2024-02-20 15:00:00,1019.6523636546588
2024-02-20 16:00:00,1004.9089181696307
2024-02-20 17:00:00,974.4301749749657
2024-02-20 18:00:00,957.8269983917793
2024-02-20 19:00:00,992.3644768223535
2024-02-20 20:00:00,969.9098935898738
2024-02-20 21:00:00,1026.2563829115434
2024-02-20 22:00:00,1032.132174052393
2024-02-20 23:00:00,1059.6268412668999
2024-02-21 00:00:00,1116.3431596824523
2024-02-21 01:00:00,1127.0015024242764
2024-02-21 02:00:00,1170.8910911691632
2024-02-21 03:00:00,1159.4696628268578
2024-02-21 04:00:00,1200.4448806315213
2024-02-21 05:00:00,1232.6925437359107
2024-02-21 06:00:00,1230.5906825127838
2024-02-21 07:00:00,1184.9972796990417
2024-02-21 08:00:00,1186.7509713009913
2024-02-21 09:00:00,1185.7260169358929
2024-02-21 10:00:00,1126.6900322990741
2024-02-21 11:00:00,1116.9236066853462
2024-02-21 12:00:00,1069.3777035436901
2024-02-21 13:00:00,1052.5658379229096
2024-02-21 14:00:00,1003.2247824890459
2024-02-21 15:00:00,1009.0438557700278
2024-02-21 16:00:00,966.4179828720586
2024-02-21 17:00:00,971.7109717988675
2024-02-21 18:00:00,970.5974668038887
2024-02-21 19:00:00,950.3300565687011
2024-02-21 20:00:00,950.2695855850618
2024-02-21 21:00:00,984.0107723474066
2024-02-21 22:00:00,1005.427448369543
2024-02-21 23:00:00,1028.67697141522
2024-02-22 00:00:00,1012.2819401287179
2024-02-22 01:00:00,1099.3157222473249
2024-02-22 02:00:00,1089.518159719527
2024-02-22 03:00:00,1139.6400893571613
2024-02-22 04:00:00,1137.6182983603142
2024-02-22 05:00:00,1172.0311702386653
2024-02-22 06:00:00,1141.6089636011332
2024-02-22 07:00:00,1138.7568630185717
2024-02-22 08:00:00,1123.0466526829068
2024-02-22 09:00:00,1104.5178792219665
2024-02-22 10:00:00,1073.8973761260747
2024-02-22 11:00:00,1030.5156222457058
2024-02-22 12:00:00,1025.8340667333746
2024-02-22 13:00:00,1002.8830364743278
2024-02-22 14:00:00,968.9230951953011
2024-02-22 15:00:00,917.0096875383854
2024-02-22 16:00:00,892.8240530473872
2024-02-22 17:00:00,903.0705339327676
2024-02-22 18:00:00,846.7897834630497
2024-02-22 19:00:00,857.5833211005657
2024-02-22 20:00:00,856.7345640484823
2024-02-22 21:00:00,889.5624792523239
2024-02-22 22:00:00,943.0228393112976
2024-02-22 23:00:00,961.4448034983749
2024-02-23 00:00:00,979.0957863406685
2024-02-23 01:00:00,989.0641418060134
2024-02-23 02:00:00,1011.3168025707525
2024-02-23 03:00:00,1068.6315110064882
2024-02-23 04:00:00,1077.5998711760778
2024-02-23 05:00:00,1094.8531913375018
2024-02-23 06:00:00,1078.2680127899257
2024-02-23 07:00:00,1071.2873623964879
2024-02-23 08:00:00,1052.1828875739243
2024-02-23 09:00:00,1071.0246079855965
2024-02-23 10:00:00,1019.2935639971861
2024-02-23 11:00:00,956.3478045883593
2024-02-23 12:00:00,937.3543649448977
2024-02-23 13:00:00,957.8124075818548
2024-02-23 14:00:00,890.9171094606562
2024-02-23 15:00:00,868.8213180816958
2024-02-23 16:00:00,835.1462968881247
2024-02-23 17:00:00,836.8256222445831
2024-02-23 18:00:00,839.9842012186143
2024-02-23 19:00:00,852.9582720327999
2024-02-23 20:00:00,825.7566585298262
2024-02-23 21:00:00,852.9049199037255
2024-02-23 22:00:00,867.2920305388199
2024-02-23 23:00:00,907.8835774218863
2024-02-24 00:00:00,952.3268404328802
2024-02-24 01:00:00,982.3228910885136
2024-02-24 02:00:00,990.0114741204546
2024-02-24 03:00:00,1022.2131260092942
2024-02-24 04:00:00,1032.6392330379333
2024-02-24 05:00:00,1074.278685563465
2024-02-24 06:00:00,1053.391581392487
2024-02-24 07:00:00,1041.0743596834473
2024-02-24 08:00:00,1029.222767918732
2024-02-24 09:00:00,1037.5922794208243
2024-02-24 10:00:00,994.8575011821064
2024-02-24 11:00:00,979.4341980682682
2024-02-24 12:00:00,959.2858451319414
2024-02-24 13:00:00,904.571218631666
2024-02-24 14:00:00,873.295264926793
2024-02-24 15:00:00,854.0533036095475
2024-02-24 16:00:00,836.0043746505703
2024-02-24 17:00:00,842.3774745711073
2024-02-24 18:00:00,833.9668731847502
2024-02-24 19:00:00,822.4681616194615
2024-02-24 20:00:00,830.1067951893606
2024-02-24 21:00:00,872.916022363601
2024-02-24 22:00:00,888.9545054129712
2024-02-24 23:00:00,903.2049233459347
2024-02-25 00:00:00,928.1903587831162
2024-02-25 01:00:00,1003.2460472613305
2024-02-25 02:00:00,1046.7871857315406
2024-02-25 03:00:00,1032.268051180292
2024-02-25 04:00:00,1073.8843193074522
2024-02-25 05:00:00,1075.955202093598
2024-02-25 06:00:00,1087.5897832948926
2024-02-25 07:00:00,1076.025219083809
2024-02-25 08:00:00,1057.7138817958114
2024-02-25 09:00:00,1074.8304038376848
2024-02-25 10:00:00,1044.292764610923
2024-02-25 11:00:00,1010.3173074502079
2024-02-25 12:00:00,989.964567741322
2024-02-25 13:00:00,929.2962318778444
2024-02-25 14:00:00,922.2832714323227
2024-02-25 15:00:00,915.1351654985419
2024-02-25 16:00:00,906.769418505978
2024-02-25 17:00:00,894.9855271951463
2024-02-25 18:00:00,880.2790166539133
2024-02-25 19:00:00,891.265905660166
2024-02-25 20:00:00,912.1961525472483
2024-02-25 21:00:00,921.806178114806
2024-02-25 22:00:00,957.4745798481467
2024-02-25 23:00:00,981.6900358912524
2024-02-26 00:00:00,1026.1724780008512
2024-02-26 01:00:00,1033.8430857956369
2024-02-26 02:00:00,1070.8464071247975
2024-02-26 03:00:00,1104.9635820667538
2024-02-26 04:00:00,1124.0263483082792
2024-02-26 05:00:00,1137.3191816626572
2024-02-26 06:00:00,1132.4810429774361
2024-02-26 07:00:00,1163.456916007875
2024-02-26 08:00:00,1138.8160734228493
2024-02-26 09:00:00,1139.134058631999
2024-02-26 10:00:00,1100.1278962183512
2024-02-26 11:00:00,1092.6208450480312
2024-02-26 12:00:00,1055.5096333430645
2024-02-26 13:00:00,1045.5854492670678
2024-02-26 14:00:00,997.9505917460123
2024-02-26 15:00:00,958.8303463074838
2024-02-26 16:00:00,959.7719297196621
2024-02-26 17:00:00,946.9675719511235
2024-02-26 18:00:00,945.3888054711754
2024-02-26 19:00:00,963.5822007835276
2024-02-26 20:00:00,974.3880968190854
2024-02-26 21:00:00,995.8925102596797
2024-02-26 22:00:00,1022.1046419336052
2024-02-26 23:00:00,1039.3092821101445
2024-02-27 00:00:00,1081.3278219414
2024-02-27 01:00:00,1115.0244741820857
2024-02-27 02:00:00,1139.9991412101729
2024-02-27 03:00:00,1189.5598933840656
2024-02-27 04:00:00,1168.1395260681313
2024-02-27 05:00:00,1178.4837350552173
2024-02-27 06:00:00,1199.1241980199404
2024-02-27 07:00:00,1218.0264546769224
2024-02-27 08:00:00,1232.1646744468878
2024-02-27 09:00:00,1171.3159522746016
2024-02-27 10:00:00,1155.4441739156555
2024-02-27 11:00:00,1132.9094889961875
2024-02-27 12:00:00,1079.6134350091388
2024-02-27 13:00:00,1079.2522673833328
2024-02-27 14:00:00,1015.1543991236949
2024-02-27 15:00:00,1020.5763443389201
2024-02-27 16:00:00,991.5562849505894
2024-02-27 17:00:00,982.8750534515204
2024-02-27 18:00:00,989.2627825203546
2024-02-27 19:00:00,994.5827576394709
2024-02-27 20:00:00,991.8512101319265
2024-02-27 21:00:00,1007.8418146392987
2024-02-27 22:00:00,1026.6484886851501
2024-02-27 23:00:00,1048.7611432480821
2024-02-28 00:00:00,1091.7922818725035
2024-02-28 01:00:00,1123.2315206446767
2024-02-28 02:00:00,1142.7047467378381
2024-02-28 03:00:00,1145.881151266501
2024-02-28 04:00:00,1197.513984930847
2024-02-28 05:00:00,1197.705725447909
2024-02-28 06:00:00,1204.4440032510881
2024-02-28 07:00:00,1229.004948412049
2024-02-28 08:00:00,1147.6569530904046
2024-02-28 09:00:00,1164.6732045119265
2024-02-28 10:00:00,1170.7014266994538
2024-02-28 11:00:00,1097.7478581586363
2024-02-28 12:00:00,1089.8030491912805
2024-02-28 13:00:00,1066.155003385367
2024-02-28 14:00:00,1025.2787113385295
2024-02-28 15:00:00,969.4728386613701
2024-02-28 16:00:00,954.693083351503
2024-02-28 17:00:00,956.7888664885869
2024-02-28 18:00:00,942.4306944189776
2024-02-28 19:00:00,949.1947772641544
2024-02-28 20:00:00,956.6032269397514
2024-02-28 21:00:00,972.092634309616
2024-02-28 22:00:00,993.5395479707487
2024-02-28 23:00:00,1034.3720212412925
2024-02-29 00:00:00,1047.9840378552224
2024-02-29 01:00:00,1082.3440386398186
2024-02-29 02:00:00,1116.9285444655186
2024-02-29 03:00:00,1127.5201156562314
2024-02-29 04:00:00,1136.7760433031865
2024-02-29 05:00:00,1150.7500406140762
2024-02-29 06:00:00,1149.674031361866
2024-02-29 07:00:00,1149.281088305332
2024-02-29 08:00:00,1146.0178986009805
2024-02-29 09:00:00,1109.62805530205
2024-02-29 10:00:00,1094.0950878971041
2024-02-29 11:00:00,1051.4316251571956
2024-02-29 12:00:00,1004.3110486550523
2024-02-29 13:00:00,986.1354224020264
2024-02-29 14:00:00,944.0963953147497
2024-02-29 15:00:00,940.1719987889538
2024-02-29 16:00:00,908.5133023499044
2024-02-29 17:00:00,877.7816828463265
2024-02-29 18:00:00,896.4259251706428
2024-02-29 19:00:00,874.1939261245659
2024-02-29 20:00:00,877.803039338178
2024-02-29 21:00:00,893.0702547177225
2024-02-29 22:00:00,896.278286532533
2024-02-29 23:00:00,964.0777550502045
2024-03-01 00:00:00,981.2167789302918
2024-03-01 01:00:00,974.0898548581303
2024-03-01 02:00:00,1034.079345900967
2024-03-01 03:00:00,1073.6148101349436
2024-03-01 04:00:00,1088.254514207763
2024-03-01 05:00:00,1059.1395253556739
2024-03-01 06:00:00,1102.1347099579466
2024-03-01 07:00:00,1079.3124840460237
2024-03-01 08:00:00,1061.1198670701767
2024-03-01 09:00:00,1038.2957733619573
2024-03-01 10:00:00,1011.6657723218441
2024-03-01 11:00:00,1000.6122946129569
2024-03-01 12:00:00,938.3273097039609
2024-03-01 13:00:00,924.9275941564534
2024-03-01 14:00:00,909.2760949592476
2024-03-01 15:00:00,867.7744318923543
2024-03-01 16:00:00,857.2967012326865
2024-03-01 17:00:00,829.87056993599
2024-03-01 18:00:00,792.2478608317505
2024-03-01 19:00:00,802.6680189580687
2024-03-01 20:00:00,841.9340300937896
2024-03-01 21:00:00,857.7069727391867
2024-03-01 22:00:00,847.3165234822292
2024-03-01 23:00:00,885.6923259253372
2024-03-02 00:00:00,939.8310120307879
2024-03-02 01:00:00,987.5032292701984
2024-03-02 02:00:00,991.4785483980047
2024-03-02 03:00:00,1044.4564740478745
2024-03-02 04:00:00,1080.6462167861823
2024-03-02 05:00:00,1053.4967977230624
2024-03-02 06:00:00,1062.5365024294495
2024-03-02 07:00:00,1044.1594165182964
2024-03-02 08:00:00,1037.7496516988356
2024-03-02 09:00:00,1052.3983992818853
2024-03-02 10:00:00,1009.1231227424935
2024-03-02 11:00:00,936.1050813494695
2024-03-02 12:00:00,941.9005692997434
2024-03-02 13:00:00,918.315792343189
2024-03-02 14:00:00,880.7120712154514
2024-03-02 15:00:00,865.7186282908972
2024-03-02 16:00:00,850.0810275465587
2024-03-02 17:00:00,842.4711860048246
2024-03-02 18:00:00,814.1355073799804
2024-03-02 19:00:00,820.8435459983045
2024-03-02 20:00:00,843.41734694874
2024-03-02 21:00:00,861.1651315081812
2024-03-02 22:00:00,902.5767340765436
2024-03-02 23:00:00,888.3516848223304
2024-03-03 00:00:00,921.2302505154398
2024-03-03 01:00:00,1010.0301454610797
2024-03-03 02:00:00,983.6225809473647
2024-03-03 03:00:00,1043.21660798038
2024-03-03 04:00:00,1087.0527328277612
2024-03-03 05:00:00,1089.4357427236519
2024-03-03 06:00:00,1075.3588666534029
2024-03-03 07:00:00,1078.708419398769
2024-03-03 08:00:00,1069.1241535984962
2024-03-03 09:00:00,1053.2012145450094
2024-03-03 10:00:00,1029.6084276311506
2024-03-03 11:00:00,1005.5044417630814
2024-03-03 12:00:00,938.9615753093415
2024-03-03 13:00:00,950.8283889300637
2024-03-03 14:00:00,919.142420073316
2024-03-03 15:00:00,921.7191190856896
2024-03-03 16:00:00,900.8881973164953
2024-03-03 17:00:00,849.7164299042474
2024-03-03 18:00:00,903.9123597642292
2024-03-03 19:00:00,873.7388825253132
2024-03-03 20:00:00,886.6191211472633
2024-03-03 21:00:00,911.4698281045196
2024-03-03 22:00:00,948.8326744404686
2024-03-03 23:00:00,980.1338085579929
2024-03-04 00:00:00,995.1303193372605
2024-03-04 01:00:00,1045.6667357183483
2024-03-04 02:00:00,1089.6415804636465
2024-03-04 03:00:00,1134.1497465641912
2024-03-04 04:00:00,1125.9768308180942
2024-03-04 05:00:00,1109.386485488491
2024-03-04 06:00:00,1138.8852210140958
2024-03-04 07:00:00,1118.1323442747212
2024-03-04 08:00:00,1139.4365264981445
2024-03-04 09:00:00,1125.6361123028398
2024-03-04 10:00:00,1091.5184176571527
2024-03-04 11:00:00,1090.2651023099495
2024-03-04 12:00:00,1052.8151153895587
2024-03-04 13:00:00,1021.1781369950171
2024-03-04 14:00:00,996.2553335588711
2024-03-04 15:00:00,973.9121040307087
2024-03-04 16:00:00,936.7829529290238
2024-03-04 17:00:00,967.9192975306861
2024-03-04 18:00:00,946.4156365480953
2024-03-04 19:00:00,948.7325946004368
2024-03-04 20:00:00,972.8911591318309
2024-03-04 21:00:00,980.7360808437494
2024-03-04 22:00:00,1024.1864908537514
2024-03-04 23:00:00,1072.503017446526
2024-03-05 00:00:00,1085.4047074952912
2024-03-05 01:00:00,1130.9616660832446
2024-03-05 02:00:00,1131.3721207686283
2024-03-05 03:00:00,1180.3633307273235
2024-03-05 04:00:00,1179.640213817528
2024-03-05 05:00:00,1183.2463698474403
2024-03-05 06:00:00,1216.2198574513468
2024-03-05 07:00:00,1199.0002134983042
2024-03-05 08:00:00,1190.4613274791548
2024-03-05 09:00:00,1183.9873647655968
2024-03-05 10:00:00,1152.3334675126493
2024-03-05 11:00:00,1131.4477362637738
2024-03-05 12:00:00,1121.2358281176892
2024-03-05 13:00:00,1047.711492127392
2024-03-05 14:00:00,985.964871300459
2024-03-05 15:00:00,1002.8866742981072
2024-03-05 16:00:00,980.0666828813704
2024-03-05 17:00:00,1002.5864221142974
2024-03-05 18:00:00,984.433966351971
2024-03-05 19:00:00,995.1224967383126
2024-03-05 20:00:00,1014.9349212569895
2024-03-05 21:00:00,1006.5809820996411
2024-03-05 22:00:00,1050.361623567594
2024-03-05 23:00:00,1093.3923055656237
2024-03-06 00:00:00,1107.1050673580341
2024-03-06 01:00:00,1122.7966804541368
2024-03-06 02:00:00,1150.3574982449734
2024-03-06 03:00:00,1181.3088893531426
2024-03-06 04:00:00,1194.452941321719
2024-03-06 05:00:00,1178.5312665144118
2024-03-06 06:00:00,1231.6300843109364
2024-03-06 07:00:00,1200.9813660253806
2024-03-06 08:00:00,1186.888739512693
2024-03-06 09:00:00,1179.5615409980169
2024-03-06 10:00:00,1112.02716018947
2024-03-06 11:00:00,1105.0882474030504
2024-03-06 12:00:00,1076.1259782981062
2024-03-06 13:00:00,1021.3479139271177
2024-03-06 14:00:00,1023.0632350663602
2024-03-06 15:00:00,1006.3070108326349
2024-03-06 16:00:00,977.151793478972
2024-03-06 17:00:00,928.3173203700367
2024-03-06 18:00:00,928.9591800211492
2024-03-06 19:00:00,968.4821792942704
2024-03-06 20:00:00,950.8925057636468
2024-03-06 21:00:00,960.9255184096371
2024-03-06 22:00:00,1015.0033950745587
2024-03-06 23:00:00,1021.9111632352684
2024-03-07 00:00:00,1058.2615404981548
2024-03-07 01:00:00,1081.0922647608181
2024-03-07 02:00:00,1118.6341654867053
2024-03-07 03:00:00,1117.651557553113
2024-03-07 04:00:00,1133.4516441654757
2024-03-07 05:00:00,1150.6459996340975
2024-03-07 06:00:00,1142.8267783956148
2024-03-07 07:00:00,1129.385434330915
2024-03-07 08:00:00,1110.68750530961
2024-03-07 09:00:00,1114.242597516329
2024-03-07 10:00:00,1073.7132412194262
2024-03-07 11:00:00,1075.1243338816328
2024-03-07 12:00:00,1023.842371145948
2024-03-07 13:00:00,967.9004476797674
2024-03-07 14:00:00,945.6410019015901
2024-03-07 15:00:00,925.2799310503588
2024-03-07 16:00:00,920.5377374981407
2024-03-07 17:00:00,926.5715055970244
2024-03-07 18:00:00,886.0365612938997
2024-03-07 19:00:00,893.5173240782806
2024-03-07 20:00:00,879.9468796927974
2024-03-07 21:00:00,894.6373196667547
2024-03-07 22:00:00,923.7773217679193
2024-03-07 23:00:00,950.3213817933748
2024-03-08 00:00:00,993.6690790240496
2024-03-08 01:00:00,1008.2115039754383
2024-03-08 02:00:00,1022.5436549700795
2024-03-08 03:00:00,1045.8132732634883
2024-03-08 04:00:00,1072.9560559210329
2024-03-08 05:00:00,1083.1286615623108
2024-03-08 06:00:00,1082.7074562130827
2024-03-08 07:00:00,1072.2409296193357
2024-03-08 08:00:00,1070.0123393786764
2024-03-08 09:00:00,1038.125989420944
2024-03-08 10:00:00,992.0834330128629
2024-03-08 11:00:00,981.4798473590489
2024-03-08 12:00:00,979.0836584659455
2024-03-08 13:00:00,925.0876067046902
2024-03-08 14:00:00,912.476524699328
2024-03-08 15:00:00,883.5124542828775
2024-03-08 16:00:00,843.6109013752032
2024-03-08 17:00:00,820.553115687523
2024-03-08 18:00:00,827.6456722800582
2024-03-08 19:00:00,829.8074691250532
2024-03-08 20:00:00,819.9798035052239
2024-03-08 21:00:00,860.0960435552912
2024-03-08 22:00:00,888.1181119735309
2024-03-08 23:00:00,928.0886230290744
2024-03-09 00:00:00,945.2869029369359
2024-03-09 01:00:00,982.3566526934957
2024-03-09 02:00:00,1010.1739113489712
2024-03-09 03:00:00,1027.112423117553
2024-03-09 04:00:00,1046.0939613091675
2024-03-09 05:00:00,1047.1090524061287
2024-03-09 06:00:00,1047.7863016197643
2024-03-09 07:00:00,1045.2165847997833
2024-03-09 08:00:00,1038.3356591003283
2024-03-09 09:00:00,1010.29633503432
2024-03-09 10:00:00,1020.921205102954
2024-03-09 11:00:00,950.4987073514554
2024-03-09 12:00:00,924.1891253068635
2024-03-09 13:00:00,902.0196521602579
2024-03-09 14:00:00,894.0450406181537
2024-03-09 15:00:00,866.9676269697087
2024-03-09 16:00:00,855.7762132728028
2024-03-09 17:00:00,854.1428917392599
2024-03-09 18:00:00,838.286490905798
2024-03-09 19:00:00,837.5937498031391
2024-03-09 20:00:00,851.1355330501606
2024-03-09 21:00:00,865.1523990097184
2024-03-09 22:00:00,895.0258084184128
2024-03-09 23:00:00,910.4314161035959
2024-03-10 00:00:00,941.9027773815978
2024-03-10 01:00:00,1011.2209221284382
2024-03-10 02:00:00,1013.4801996983033
2024-03-10 03:00:00,1037.0227176954975
2024-03-10 04:00:00,1071.2238291209671
2024-03-10 05:00:00,1050.0822513362696
2024-03-10 06:00:00,1116.8493411226675
2024-03-10 07:00:00,1064.4179979614657
2024-03-10 08:00:00,1053.1093534892875
2024-03-10 09:00:00,1072.8935773377332
2024-03-10 10:00:00,1029.355375817819
2024-03-10 11:00:00,1015.5366487836404
2024-03-10 12:00:00,999.7091069959429
2024-03-10 13:00:00,965.4903028399498
2024-03-10 14:00:00,948.2465343553991
2024-03-10 15:00:00,912.0682655424882
2024-03-10 16:00:00,867.5532884138706
2024-03-10 17:00:00,876.0867729104498
2024-03-10 18:00:00,874.3683991318485
2024-03-10 19:00:00,868.1793710044498
2024-03-10 20:00:00,890.4054165783599
2024-03-10 21:00:00,922.927171679502
2024-03-10 22:00:00,954.1761483674603
2024-03-10 23:00:00,1003.6580241222466
2024-03-11 00:00:00,1007.4761784524678
2024-03-11 01:00:00,1052.0161809028987
2024-03-11 02:00:00,1092.4152441801002
2024-03-11 03:00:00,1140.298212519682
2024-03-11 04:00:00,1118.2634602580633
2024-03-11 05:00:00,1136.5524657492967
2024-03-11 06:00:00,1149.3954448574482
2024-03-11 07:00:00,1147.0312992769152
2024-03-11 08:00:00,1148.9290238051005
2024-03-11 09:00:00,1152.4062390649833
2024-03-11 10:00:00,1112.9157478530267
2024-03-11 11:00:00,1102.4611485425717
2024-03-11 12:00:00,1039.4266372911595
2024-03-11 13:00:00,1021.5287176966659
2024-03-11 14:00:00,997.4396471850781
2024-03-11 15:00:00,965.4247957770256
2024-03-11 16:00:00,948.8479642136601
2024-03-11 17:00:00,973.0723997306723
2024-03-11 18:00:00,975.0551527739109
2024-03-11 19:00:00,947.6455353363093
2024-03-11 20:00:00,980.0392924687524
2024-03-11 21:00:00,994.0051872377969
2024-03-11 22:00:00,1036.705729903763
2024-03-11 23:00:00,1050.5806831066418
2024-03-12 00:00:00,1091.1494567159289
2024-03-12 01:00:00,1112.513893892194
2024-03-12 02:00:00,1152.530094685138
2024-03-12 03:00:00,1191.169421756393
2024-03-12 04:00:00,1207.3909084870627
2024-03-12 05:00:00,1209.8423918055155
2024-03-12 06:00:00,1196.8457842194869
2024-03-12 07:00:00,1235.1745160455737
2024-03-12 08:00:00,1223.0108609292352
2024-03-12 09:00:00,1203.935850585466
2024-03-12 10:00:00,1133.1685810359086
2024-03-12 11:00:00,1120.1922146192744
2024-03-12 12:00:00,1109.3485700483957
2024-03-12 13:00:00,1076.1139641527743
2024-03-12 14:00:00,1039.3655699337448
2024-03-12 15:00:00,1014.6236679266534
2024-03-12 16:00:00,1004.7981688314719
2024-03-12 17:00:00,963.4877417086219
2024-03-12 18:00:00,994.9318909978263
2024-03-12 19:00:00,993.1757062912162
2024-03-12 20:00:00,992.4654560018485
2024-03-12 21:00:00,1029.033881820945
2024-03-12 22:00:00,1032.5036928563293
2024-03-12 23:00:00,1056.541112732046
2024-03-13 00:00:00,1082.649778655273
2024-03-13 01:00:00,1161.4084800892963
2024-03-13 02:00:00,1146.4175201478738
2024-03-13 03:00:00,1191.3615185872466
2024-03-13 04:00:00,1201.5546561034535
2024-03-13 05:00:00,1211.66067896028
2024-03-13 06:00:00,1186.6794642598832
2024-03-13 07:00:00,1188.1727758579186
2024-03-13 08:00:00,1200.6474446647128
2024-03-13 09:00:00,1177.4082713072612
2024-03-13 10:00:00,1142.9460830478235
2024-03-13 11:00:00,1131.7687393258327
2024-03-13 12:00:00,1091.8806604672282
2024-03-13 13:00:00,1058.1415106289849
2024-03-13 14:00:00,1017.208926309072
2024-03-13 15:00:00,979.5174377600774
2024-03-13 16:00:00,961.4149500527844
2024-03-13 17:00:00,947.9768155619737
2024-03-13 18:00:00,946.7727927012155
2024-03-13 19:00:00,961.8864606989541
2024-03-13 20:00:00,953.4736109933021
2024-03-13 21:00:00,965.7526196841637
2024-03-13 22:00:00,985.9603794973046
2024-03-13 23:00:00,1026.702663770529
2024-03-14 00:00:00,1048.5439483402306
2024-03-14 01:00:00,1125.7359116577827
2024-03-14 02:00:00,1106.6642811265137
2024-03-14 03:00:00,1127.1291726441293
2024-03-14 04:00:00,1152.255914021742
2024-03-14 05:00:00,1139.0866590558767
2024-03-14 06:00:00,1141.2985874891633
2024-03-14 07:00:00,1164.6408162118876
2024-03-14 08:00:00,1124.5571235309787
2024-03-14 09:00:00,1096.8368640378021
2024-03-14 10:00:00,1083.3656105687162
2024-03-14 11:00:00,1023.7174395687724
2024-03-14 12:00:00,1045.9550904190396
2024-03-14 13:00:00,969.0821476366089
2024-03-14 14:00:00,932.3803613938838
2024-03-14 15:00:00,940.2815248613662
2024-03-14 16:00:00,888.2171724684794
2024-03-14 17:00:00,903.572386243419
2024-03-14 18:00:00,883.2907676302735
2024-03-14 19:00:00,878.9838388786981
2024-03-14 20:00:00,882.0418118059843
2024-03-14 21:00:00,920.1470415463697
2024-03-14 22:00:00,923.4135203475847
2024-03-14 23:00:00,938.1407993482932
2024-03-15 00:00:00,987.1164977363851
2024-03-15 01:00:00,1004.486217140474
2024-03-15 02:00:00,1037.470488766266
2024-03-15 03:00:00,1052.3764209269443
2024-03-15 04:00:00,1090.6621132022447
2024-03-15 05:00:00,1093.6704014795866
2024-03-15 06:00:00,1094.8378741805848
2024-03-15 07:00:00,1077.9433704610963
2024-03-15 08:00:00,1082.6110206503315
2024-03-15 09:00:00,1057.1784807167019
2024-03-15 10:00:00,1026.2357437204664
2024-03-15 11:00:00,963.4605292065721
2024-03-15 12:00:00,974.975074474743
2024-03-15 13:00:00,930.599515516403
2024-03-15 14:00:00,873.0932100721171
2024-03-15 15:00:00,868.8346822860926
2024-03-15 16:00:00,855.9013870670581
2024-03-15 17:00:00,844.4819792534078
2024-03-15 18:00:00,849.01780949209
2024-03-15 19:00:00,829.9091132038214
2024-03-15 20:00:00,846.8502592974768
2024-03-15 21:00:00,853.6339806371594
2024-03-15 22:00:00,889.6562257022006
2024-03-15 23:00:00,902.7194273437945
2024-03-16 00:00:00,940.3851838373095
2024-03-16 01:00:00,979.5627392006235
2024-03-16 02:00:00,1005.8253951038795
2024-03-16 03:00:00,1031.441035486329
2024-03-16 04:00:00,1041.54296341011
2024-03-16 05:00:00,1078.6789988532391
2024-03-16 06:00:00,1044.3364796781868
2024-03-16 07:00:00,1063.3082459113225
2024-03-16 08:00:00,1030.0192781976496
2024-03-16 09:00:00,1019.1088727562999
2024-03-16 10:00:00,1010.8579323339131
2024-03-16 11:00:00,959.0394212380073
2024-03-16 12:00:00,948.5880064989701
2024-03-16 13:00:00,931.807712446944
2024-03-16 14:00:00,860.0189822831428
2024-03-16 15:00:00,848.9430813986668
2024-03-16 16:00:00,859.5350543566343
2024-03-16 17:00:00,813.2256649209978
2024-03-16 18:00:00,824.7359335544218
2024-03-16 19:00:00,837.3018748083817
2024-03-16 20:00:00,858.7609940704805
2024-03-16 21:00:00,879.3682348954846
2024-03-16 22:00:00,902.9896537838312
2024-03-16 23:00:00,901.4286752829958
2024-03-17 00:00:00,939.0869743902992
2024-03-17 01:00:00,991.98598874735
2024-03-17 02:00:00,1020.7537751750189
2024-03-17 03:00:00,1064.792306321934
2024-03-17 04:00:00,1073.2026258133174
2024-03-17 05:00:00,1097.209148760701
2024-03-17 06:00:00,1130.4759351089424
2024-03-17 07:00:00,1093.7604304652266
2024-03-17 08:00:00,1077.4539679548704
2024-03-17 09:00:00,1080.0403366670596
2024-03-17 10:00:00,1020.9420611303983
2024-03-17 11:00:00,1017.6455305064762
2024-03-17 12:00:00,999.8968480499683
2024-03-17 13:00:00,936.8022962864711
2024-03-17 14:00:00,947.7849269050032
2024-03-17 15:00:00,916.5478266374838
2024-03-17 16:00:00,910.418184526617
2024-03-17 17:00:00,911.7923836588883
2024-03-17 18:00:00,880.3768146966419
2024-03-17 19:00:00,883.3706627616268
2024-03-17 20:00:00,898.0773101015011
2024-03-17 21:00:00,920.0223439653493
2024-03-17 22:00:00,940.3974654442715
2024-03-17 23:00:00,998.371538644293
2024-03-18 00:00:00,1013.3971725113048
2024-03-18 01:00:00,1057.118683298075
2024-03-18 02:00:00,1072.9047869084181
2024-03-18 03:00:00,1087.2581885966076
2024-03-18 04:00:00,1141.4006508861812
2024-03-18 05:00:00,1158.4688822167998
2024-03-18 06:00:00,1135.475587591076
2024-03-18 07:00:00,1137.8700717799245
2024-03-18 08:00:00,1155.4941898966135
2024-03-18 09:00:00,1130.1207720520645
2024-03-18 10:00:00,1108.4387876439446
2024-03-18 11:00:00,1078.1810356308258
2024-03-18 12:00:00,1084.3912807064942
2024-03-18 13:00:00,1062.7642888512282
2024-03-18 14:00:00,996.4224194556413
2024-03-18 15:00:00,978.6494402469979
2024-03-18 16:00:00,975.1439913824265
2024-03-18 17:00:00,985.0928642084199
2024-03-18 18:00:00,928.4522799241784
2024-03-18 19:00:00,973.0756455955895
2024-03-18 20:00:00,971.621376482547
2024-03-18 21:00:00,1018.4256143550501
2024-03-18 22:00:00,1028.996871774571
2024-03-18 23:00:00,1049.1185390491987
2024-03-19 00:00:00,1099.6657357973513
2024-03-19 01:00:00,1121.1087707723811
2024-03-19 02:00:00,1176.2416996107831
2024-03-19 03:00:00,1184.2089150864826
2024-03-19 04:00:00,1205.4785434926307
2024-03-19 05:00:00,1216.5003697881461
2024-03-19 06:00:00,1203.8688801273238
2024-03-19 07:00:00,1224.8110142238327
2024-03-19 08:00:00,1180.544688943061
2024-03-19 09:00:00,1170.5384330455036
2024-03-19 10:00:00,1154.7831787355042
2024-03-19 11:00:00,1136.1526580904458
2024-03-19 12:00:00,1089.0706745378043
2024-03-19 13:00:00,1082.5098911999096
2024-03-19 14:00:00,1052.2581096023337
2024-03-19 15:00:00,1009.6280522546157
2024-03-19 16:00:00,988.8600011336963
2024-03-19 17:00:00,986.1367280687454
2024-03-19 18:00:00,972.0082284070626
2024-03-19 19:00:00,1004.2672625469816
2024-03-19 20:00:00,1000.9952178324581
2024-03-19 21:00:00,1019.5731093275398
2024-03-19 22:00:00,1045.2353673063717
2024-03-19 23:00:00,1081.011017649357
2024-03-20 00:00:00,1106.735406750346
2024-03-20 01:00:00,1124.1166769025194
2024-03-20 02:00:00,1161.3740723887804
2024-03-20 03:00:00,1193.1433341219483
2024-03-20 04:00:00,1183.7894599033211
2024-03-20 05:00:00,1231.0458016417763
2024-03-20 06:00:00,1243.3318084790649
2024-03-20 07:00:00,1205.4680408851734
2024-03-20 08:00:00,1199.8654214712528
2024-03-20 09:00:00,1152.0650442736967
2024-03-20 10:00:00,1137.5688111040192
2024-03-20 11:00:00,1136.8998182864987
2024-03-20 12:00:00,1066.1224043974314
2024-03-20 13:00:00,1067.6966169897016
2024-03-20 14:00:00,1009.4716865694933
2024-03-20 15:00:00,1015.523779037436
2024-03-20 16:00:00,973.2365486498904
2024-03-20 17:00:00,951.593947955286
2024-03-20 18:00:00,929.9379490479583
2024-03-20 19:00:00,938.9388587029648
2024-03-20 20:00:00,944.3916732928581
2024-03-20 21:00:00,973.7559046225945
2024-03-20 22:00:00,997.2425834709497
2024-03-20 23:00:00,1008.2295867148194
2024-03-21 00:00:00,1057.3362411868718
2024-03-21 01:00:00,1103.564860787712
2024-03-21 02:00:00,1113.0501506405108
2024-03-21 03:00:00,1132.6175792995602
2024-03-21 04:00:00,1155.5534503682543
2024-03-21 05:00:00,1142.6112825496564
2024-03-21 06:00:00,1132.1365803758863
2024-03-21 07:00:00,1152.329717851969
2024-03-21 08:00:00,1155.8722251866361
2024-03-21 09:00:00,1101.8930341177154
2024-03-21 10:00:00,1074.2071990242866
2024-03-21 11:00:00,1037.245246488388
2024-03-21 12:00:00,1013.5200679295207
2024-03-21 13:00:00,988.0560383847276
2024-03-21 14:00:00,964.9805649374027
2024-03-21 15:00:00,924.8241496265961
2024-03-21 16:00:00,903.7825308399274
2024-03-21 17:00:00,885.2931233957402
2024-03-21 18:00:00,891.0197562841176
2024-03-21 19:00:00,897.4728531680587
2024-03-21 20:00:00,882.0154413389182
2024-03-21 21:00:00,914.788624817699
2024-03-21 22:00:00,946.3658239180511
2024-03-21 23:00:00,954.8865635622502
2024-03-22 00:00:00,980.4597003473527
2024-03-22 01:00:00,986.5812009404004
2024-03-22 02:00:00,1044.3417646224732
2024-03-22 03:00:00,1078.2016911017763
2024-03-22 04:00:00,1073.357234361726
2024-03-22 05:00:00,1094.9195785331947
2024-03-22 06:00:00,1092.9652751870915
2024-03-22 07:00:00,1074.5594663020493
2024-03-22 08:00:00,1086.9757985097021
2024-03-22 09:00:00,1021.5141863073667
2024-03-22 10:00:00,1028.1819043129508
2024-03-22 11:00:00,1006.1722772878343
2024-03-22 12:00:00,973.5346281668772
2024-03-22 13:00:00,924.3063005705926
2024-03-22 14:00:00,908.1886359841747
2024-03-22 15:00:00,848.4786316309354
2024-03-22 16:00:00,858.8254075084483
2024-03-22 17:00:00,810.3414554355994
2024-03-22 18:00:00,843.0781297795062
2024-03-22 19:00:00,829.5849195880834
2024-03-22 20:00:00,829.5447107984477
2024-03-22 21:00:00,841.4186358977875
2024-03-22 22:00:00,842.9153240316258
2024-03-22 23:00:00,904.0017252965818
2024-03-23 00:00:00,934.1017199416076
2024-03-23 01:00:00,988.2650476673218
2024-03-23 02:00:00,1002.4680789796934
2024-03-23 03:00:00,1015.4731866827661
2024-03-23 04:00:00,1041.94281259052
2024-03-23 05:00:00,1050.0548672076316
2024-03-23 06:00:00,1062.4913109398212
2024-03-23 07:00:00,1054.9807704653092
2024-03-23 08:00:00,1046.1866142734752
2024-03-23 09:00:00,1050.5525438859702
2024-03-23 10:00:00,996.8105599917786
2024-03-23 11:00:00,1006.1802408836321
2024-03-23 12:00:00,914.2075851095976
2024-03-23 13:00:00,899.5337681805207
2024-03-23 14:00:00,882.0327174487245
2024-03-23 15:00:00,863.2129771236736
2024-03-23 16:00:00,846.4372070707357
2024-03-23 17:00:00,857.6263690168719
2024-03-23 18:00:00,823.9716624582346
2024-03-23 19:00:00,849.5730207126984
2024-03-23 20:00:00,829.3675233791005
2024-03-23 21:00:00,885.966503404424
2024-03-23 22:00:00,909.0255490020223
2024-03-23 23:00:00,926.9774055309329
2024-03-24 00:00:00,960.7163777176752
2024-03-24 01:00:00,986.6376114197516
2024-03-24 02:00:00,1043.282831890955
2024-03-24 03:00:00,1065.5463495967344
2024-03-24 04:00:00,1081.8362652310518
2024-03-24 05:00:00,1075.2658278681731
2024-03-24 06:00:00,1095.4691515588738
2024-03-24 07:00:00,1081.1720150835786
2024-03-24 08:00:00,1080.4405951886768
2024-03-24 09:00:00,1082.5211009827597
2024-03-24 10:00:00,1033.8257430926453
2024-03-24 11:00:00,1030.557388818593
2024-03-24 12:00:00,999.6431055034185
2024-03-24 13:00:00,926.9527803290291
2024-03-24 14:00:00,926.375359066785
2024-03-24 15:00:00,908.8099941116163
2024-03-24 16:00:00,890.700660299283
2024-03-24 17:00:00,890.2931324505644
2024-03-24 18:00:00,863.8551072946606
2024-03-24 19:00:00,924.7473350271327
2024-03-24 20:00:00,902.953443938942
2024-03-24 21:00:00,919.0225681808948
2024-03-24 22:00:00,945.2727438662233
2024-03-24 23:00:00,974.2766017034596
2024-03-25 00:00:00,1014.7502816773758
2024-03-25 01:00:00,1060.9091154627931
2024-03-25 02:00:00,1064.943263288081
2024-03-25 03:00:00,1105.2962617769704
2024-03-25 04:00:00,1129.1003769684996
2024-03-25 05:00:00,1144.6347848364285
2024-03-25 06:00:00,1205.9651853083828
2024-03-25 07:00:00,1159.1514954146674
2024-03-25 08:00:00,1154.6941420690914
2024-03-25 09:00:00,1134.4185860781292
2024-03-25 10:00:00,1146.5814076337192
2024-03-25 11:00:00,1089.139120338036
2024-03-25 12:00:00,1020.4725981009851
2024-03-25 13:00:00,1010.8617189902827
2024-03-25 14:00:00,1005.0445408517219
2024-03-25 15:00:00,965.3627554231496
2024-03-25 16:00:00,951.7565671354042
2024-03-25 17:00:00,963.0262672441029
2024-03-25 18:00:00,971.8926796112892
2024-03-25 19:00:00,975.449855936651
2024-03-25 20:00:00,972.6163922270812
2024-03-25 21:00:00,1001.8998456706463
2024-03-25 22:00:00,1038.447252466297
2024-03-25 23:00:00,1056.9624253259406
2024-03-26 00:00:00,1077.071632939911
2024-03-26 01:00:00,1115.6839571175808
2024-03-26 02:00:00,1136.1921245910828
2024-03-26 03:00:00,1182.678368630542
2024-03-26 04:00:00,1200.3314610023092
2024-03-26 05:00:00,1221.8900953011812
2024-03-26 06:00:00,1220.8358009577616
2024-03-26 07:00:00,1227.4095276392657
2024-03-26 08:00:00,1195.228211234856
2024-03-26 09:00:00,1182.425724844099
2024-03-26 10:00:00,1160.864056545631
2024-03-26 11:00:00,1152.3494256120277
2024-03-26 12:00:00,1072.3090724128215
2024-03-26 13:00:00,1080.6297069155255
2024-03-26 14:00:00,1053.560047072481
2024-03-26 15:00:00,1037.716474792147
2024-03-26 16:00:00,983.5658691854954
2024-03-26 17:00:00,979.9495696136028
2024-03-26 18:00:00,1002.6268609158715
2024-03-26 19:00:00,980.9542776272104
2024-03-26 20:00:00,1000.4793429214218
2024-03-26 21:00:00,1026.2322152570528
2024-03-26 22:00:00,1045.386649536372
2024-03-26 23:00:00,1093.236522319127
2024-03-27 00:00:00,1084.5777940410478
2024-03-27 01:00:00,1113.935415038862
2024-03-27 02:00:00,1190.9450007578457
2024-03-27 03:00:00,1185.6547546581135
2024-03-27 04:00:00,1207.8377065842317
2024-03-27 05:00:00,1213.9057372734544
2024-03-27 06:00:00,1235.1572166968983
2024-03-27 07:00:00,1212.8554270588581
2024-03-27 08:00:00,1173.7666723688415
2024-03-27 09:00:00,1189.017348642204
2024-03-27 10:00:00,1154.99895600715
2024-03-27 11:00:00,1118.221927250342
2024-03-27 12:00:00,1074.7523437776915
2024-03-27 13:00:00,1071.7725539703536
2024-03-27 14:00:00,1027.6062008274919
2024-03-27 15:00:00,1023.6412913347772
2024-03-27 16:00:00,1009.5831080826997
2024-03-27 17:00:00,940.9376093211115
2024-03-27 18:00:00,966.9370920697644
2024-03-27 19:00:00,964.51100191002
2024-03-27 20:00:00,971.4598225883846
2024-03-27 21:00:00,987.714612075281
2024-03-27 22:00:00,1012.3445306626044
2024-03-27 23:00:00,1044.6367338031794
2024-03-28 00:00:00,1077.2797943810133
2024-03-28 01:00:00,1114.1093574222991
2024-03-28 02:00:00,1090.3253398726451
2024-03-28 03:00:00,1116.8187155617431
2024-03-28 04:00:00,1154.2991699993497
2024-03-28 05:00:00,1138.554988151449
2024-03-28 06:00:00,1162.7328764947713
2024-03-28 07:00:00,1151.8204883639298
2024-03-28 08:00:00,1166.4539181377181
2024-03-28 09:00:00,1114.3652219013145
2024-03-28 10:00:00,1089.6547082949605
2024-03-28 11:00:00,1051.5075472008266
2024-03-28 12:00:00,1012.3432258441823
2024-03-28 13:00:00,999.5456761824703
2024-03-28 14:00:00,948.0663059458036
2024-03-28 15:00:00,940.9398886338407
2024-03-28 16:00:00,903.6416262952752
2024-03-28 17:00:00,912.9695483139203
2024-03-28 18:00:00,910.2798389936296
2024-03-28 19:00:00,901.4369400123411
2024-03-28 20:00:00,894.9506756452113
2024-03-28 21:00:00,920.4392173933782
2024-03-28 22:00:00,934.2500844389468
2024-03-28 23:00:00,941.8880861524685
2024-03-29 00:00:00,967.4527515223475
2024-03-29 01:00:00,1011.2792266798602
2024-03-29 02:00:00,1054.5245635343008
2024-03-29 03:00:00,1069.7451486086493
2024-03-29 04:00:00,1074.0545840631744
2024-03-29 05:00:00,1094.3193296523766
2024-03-29 06:00:00,1075.7647161662142
2024-03-29 07:00:00,1101.805195278402
2024-03-29 08:00:00,1096.6971510837343
2024-03-29 09:00:00,1064.0137942505437
2024-03-29 10:00:00,1003.7298635920888
2024-03-29 11:00:00,973.2784986132735
2024-03-29 12:00:00,992.0610375283562
2024-03-29 13:00:00,942.9967580263807
2024-03-29 14:00:00,894.3200820950044
2024-03-29 15:00:00,848.835285770433
2024-03-29 16:00:00,855.7487539630669
2024-03-29 17:00:00,847.0493578378005
2024-03-29 18:00:00,816.0870166316082
2024-03-29 19:00:00,803.5632981548196
2024-03-29 20:00:00,823.0046356513934
2024-03-29 21:00:00,859.9473770695777
2024-03-29 22:00:00,887.9229460197481
2024-03-29 23:00:00,902.9842145274969
2024-03-30 00:00:00,926.8147534551897
2024-03-30 01:00:00,1009.279736299374
2024-03-30 02:00:00,980.8358756024729
2024-03-30 03:00:00,1037.257573125566
2024-03-30 04:00:00,1038.3561505008086
2024-03-30 05:00:00,1050.1628946135338
2024-03-30 06:00:00,1062.8764986689778
2024-03-30 07:00:00,1097.6265676557475
2024-03-30 08:00:00,1044.8030043270185
2024-03-30 09:00:00,1014.0051638818323
2024-03-30 10:00:00,986.0821293299272
2024-03-30 11:00:00,992.6537608097907
2024-03-30 12:00:00,931.0869211115588
2024-03-30 13:00:00,931.7519863065429
2024-03-30 14:00:00,881.7099432662848
2024-03-30 15:00:00,854.5109580449262
2024-03-30 16:00:00,829.4087449983905
2024-03-30 17:00:00,818.9594264481352
2024-03-30 18:00:00,804.4343344448969
2024-03-30 19:00:00,868.7058599870597
2024-03-30 20:00:00,832.8283887576608
2024-03-30 21:00:00,866.604747228617
2024-03-30 22:00:00,900.5389575514612
2024-03-30 23:00:00,926.3373446384884
2024-03-31 00:00:00,962.7022764502896
2024-03-31 01:00:00,1034.108841158851
2024-03-31 02:00:00,1010.508526836814
2024-03-31 03:00:00,1052.1406489754481
2024-03-31 04:00:00,1054.5702615953037
2024-03-31 05:00:00,1069.0366058018192
2024-03-31 06:00:00,1130.6515627955707
2024-03-31 07:00:00,1094.779047434223
2024-03-31 08:00:00,1095.0138264165644
2024-03-31 09:00:00,1050.9544948229
2024-03-31 10:00:00,1031.7834521961688
2024-03-31 11:00:00,1038.3357966974165
2024-03-31 12:00:00,989.8535075591674
2024-03-31 13:00:00,978.4742618795597
2024-03-31 14:00:00,908.0741315853162
2024-03-31 15:00:00,915.229510282632
2024-03-31 16:00:00,896.7208475946123
2024-03-31 17:00:00,873.3549902933001
2024-03-31 18:00:00,894.6310702356384
2024-03-31 19:00:00,869.0814678420528
2024-03-31 20:00:00,888.9405396608564
2024-03-31 21:00:00,906.1550672376192
2024-03-31 22:00:00,969.7074141177269
2024-03-31 23:00:00,1010.9556252846965
2024-04-01 00:00:00,1017.2582731013767
2024-04-01 01:00:00,1040.386171447598
2024-04-01 02:00:00,1101.0323656029384
2024-04-01 03:00:00,1143.7863589969952
2024-04-01 04:00:00,1149.8528500707403
2024-04-01 05:00:00,1155.518255821328
2024-04-01 06:00:00,1144.020986324324
2024-04-01 07:00:00,1147.9896454985944
2024-04-01 08:00:00,1131.81120355224
2024-04-01 09:00:00,1155.5588661649488
2024-04-01 10:00:00,1127.035903619029
2024-04-01 11:00:00,1086.7863885646614
2024-04-01 12:00:00,1070.003032369168
2024-04-01 13:00:00,1020.8893620568454
2024-04-01 14:00:00,1013.7070075569725
2024-04-01 15:00:00,954.3747662908485
2024-04-01 16:00:00,955.9081193100135
2024-04-01 17:00:00,925.5165633036215
2024-04-01 18:00:00,939.850377187053
2024-04-01 19:00:00,963.469000917959
2024-04-01 20:00:00,1003.5868825844384
2024-04-01 21:00:00,1013.8646205331414
2024-04-01 22:00:00,1028.5400031007007
2024-04-01 23:00:00,1061.6316078544755
2024-04-02 00:00:00,1097.4117993397774
2024-04-02 01:00:00,1138.5907421114878
2024-04-02 02:00:00,1158.985779185707
2024-04-02 03:00:00,1152.4482091959662
2024-04-02 04:00:00,1229.764164145568
2024-04-02 05:00:00,1198.7749250177906
2024-04-02 06:00:00,1184.5916790010717
2024-04-02 07:00:00,1216.8293018064294
2024-04-02 08:00:00,1211.3105802552557
2024-04-02 09:00:00,1202.483889106733
2024-04-02 10:00:00,1165.0692350514746
2024-04-02 11:00:00,1124.0623121134422
2024-04-02 12:00:00,1114.2193932909952
2024-04-02 13:00:00,1066.8037932791956
2024-04-02 14:00:00,1049.4766639621091
2024-04-02 15:00:00,1018.4951588575149
2024-04-02 16:00:00,1005.7467506629008
2024-04-02 17:00:00,988.1227374362433
2024-04-02 18:00:00,1008.11726097909
2024-04-02 19:00:00,1004.5567960958219
2024-04-02 20:00:00,986.2247680546295
2024-04-02 21:00:00,1040.880424572074
2024-04-02 22:00:00,1034.5225374828058
2024-04-02 23:00:00,1071.6442191323092
2024-04-03 00:00:00,1080.4083979210582
2024-04-03 01:00:00,1117.4363844495335
2024-04-03 02:00:00,1166.9809146129098
2024-04-03 03:00:00,1177.3370137403303
2024-04-03 04:00:00,1203.1596177481026
2024-04-03 05:00:00,1227.828122138785
2024-04-03 06:00:00,1230.6057504743787
2024-04-03 07:00:00,1241.167111337415
2024-04-03 08:00:00,1198.4896227953197
2024-04-03 09:00:00,1146.740895237776
2024-04-03 10:00:00,1159.9829646804678
2024-04-03 11:00:00,1103.5035827346196
2024-04-03 12:00:00,1066.0661491985577
2024-04-03 13:00:00,1058.6596913899846
2024-04-03 14:00:00,1037.8407430213158
2024-04-03 15:00:00,1010.4313403082731
2024-04-03 16:00:00,970.6534952819928
2024-04-03 17:00:00,959.5159655209051
2024-04-03 18:00:00,969.4963163010619
2024-04-03 19:00:00,974.6288136139979
2024-04-03 20:00:00,975.8588702379
2024-04-03 21:00:00,997.4945012864326
2024-04-03 22:00:00,1005.4949403181105
2024-04-03 23:00:00,1020.8302459091834
2024-04-04 00:00:00,1054.1596119159715
2024-04-04 01:00:00,1072.1327418381131
2024-04-04 02:00:00,1094.84293545748
2024-04-04 03:00:00,1126.5858981052472
2024-04-04 04:00:00,1161.2451810654134
2024-04-04 05:00:00,1142.0030394265498
2024-04-04 06:00:00,1195.7829320836834
2024-04-04 07:00:00,1149.3757270139954
2024-04-04 08:00:00,1132.1582919241466
2024-04-04 09:00:00,1119.3780116884782
2024-04-04 10:00:00,1085.477626518414
2024-04-04 11:00:00,1045.356215395641
2024-04-04 12:00:00,1011.383761950745
2024-04-04 13:00:00,982.3463553727381
2024-04-04 14:00:00,958.1979253704263
2024-04-04 15:00:00,950.0561173037999
2024-04-04 16:00:00,919.9643666636748
2024-04-04 17:00:00,906.1228626630026
2024-04-04 18:00:00,899.5227001297113
2024-04-04 19:00:00,875.4267226398613
2024-04-04 20:00:00,889.5053167733013
2024-04-04 21:00:00,914.2758782075296
2024-04-04 22:00:00,920.5018316767084
2024-04-04 23:00:00,969.7720783216104
2024-04-05 00:00:00,1006.4841602890095
2024-04-05 01:00:00,1003.8410661789694
2024-04-05 02:00:00,1038.715118798144
2024-04-05 03:00:00,1077.5835153511143
2024-04-05 04:00:00,1091.1777729711478
2024-04-05 05:00:00,1080.8197443964048
2024-04-05 06:00:00,1076.680226960191
2024-04-05 07:00:00,1099.6735556471695
2024-04-05 08:00:00,1054.5424659466207
2024-04-05 09:00:00,1083.1214606112812
2024-04-05 10:00:00,1013.2162523199122
2024-04-05 11:00:00,975.6135060890899
2024-04-05 12:00:00,923.2323448986622
2024-04-05 13:00:00,953.9423400452592
2024-04-05 14:00:00,896.5506257595949
2024-04-05 15:00:00,833.4010009353161
2024-04-05 16:00:00,809.2593624646677
2024-04-05 17:00:00,836.0281328568817
2024-04-05 18:00:00,829.9048149963769
2024-04-05 19:00:00,837.9129004735598
2024-04-05 20:00:00,830.4220681899886
2024-04-05 21:00:00,869.8732743522968
2024-04-05 22:00:00,882.2386732394591
2024-04-05 23:00:00,918.102590158791
2024-04-06 00:00:00,970.1999212088477
2024-04-06 01:00:00,989.9545318283184
2024-04-06 02:00:00,1028.4515018005575
2024-04-06 03:00:00,1038.850048438018
2024-04-06 04:00:00,1059.1822545488506
2024-04-06 05:00:00,1070.3223103666437
2024-04-06 06:00:00,1040.8963417097636
2024-04-06 07:00:00,1063.1866224890193
2024-04-06 08:00:00,1044.881278210365
2024-04-06 09:00:00,997.5065186766192
2024-04-06 10:00:00,1000.3564716840164
2024-04-06 11:00:00,992.9001058510202
2024-04-06 12:00:00,959.3841846318412
2024-04-06 13:00:00,932.9142976177328
2024-04-06 14:00:00,866.3824339386393
2024-04-06 15:00:00,875.1522110900614
2024-04-06 16:00:00,838.7999237344319
2024-04-06 17:00:00,814.3001937953402
2024-04-06 18:00:00,826.1201197227304
2024-04-06 19:00:00,816.2454126085062
2024-04-06 20:00:00,854.3421821821458
2024-04-06 21:00:00,876.2538314094236
2024-04-06 22:00:00,890.3262587442254
2024-04-06 23:00:00,932.7289670676594
2024-04-07 00:00:00,961.0520235240785
2024-04-07 01:00:00,1010.2226778022449
2024-04-07 02:00:00,1035.6392783929803
2024-04-07 03:00:00,1035.197353636907
2024-04-07 04:00:00,1069.5535186327957
2024-04-07 05:00:00,1074.2646515428373
2024-04-07 06:00:00,1107.3514814450618
2024-04-07 07:00:00,1125.2031688385764
2024-04-07 08:00:00,1062.615359063154
2024-04-07 09:00:00,1089.731008322689
2024-04-07 10:00:00,1055.082934655887
2024-04-07 11:00:00,1021.0579765357688
2024-04-07 12:00:00,983.5773977868787
2024-04-07 13:00:00,972.804788534037
2024-04-07 14:00:00,949.5994342300735
2024-04-07 15:00:00,913.779398094478
2024-04-07 16:00:00,889.6131745055841
2024-04-07 17:00:00,902.6346787190372
2024-04-07 18:00:00,891.5012199100169
2024-04-07 19:00:00,884.8851171791794
2024-04-07 20:00:00,924.8026503929568
2024-04-07 21:00:00,904.3834990561355
2024-04-07 22:00:00,965.3176209237107
2024-04-07 23:00:00,976.9249805583987
2024-04-08 00:00:00,1014.6316636000919
2024-04-08 01:00:00,1045.6467767084941
2024-04-08 02:00:00,1065.802382430269
2024-04-08 03:00:00,1132.7472066375535
2024-04-08 04:00:00,1131.1753797179124
2024-04-08 05:00:00,1148.637666362801
2024-04-08 06:00:00,1171.8643284527664
2024-04-08 07:00:00,1178.8315894109867
2024-04-08 08:00:00,1127.913076722512
2024-04-08 09:00:00,1108.224472919408
2024-04-08 10:00:00,1111.1586713926717
2024-04-08 11:00:00,1111.576904612134
2024-04-08 12:00:00,1080.1317640539262
2024-04-08 13:00:00,1025.945535893675
2024-04-08 14:00:00,1020.0021896012582
2024-04-08 15:00:00,991.270091202907
2024-04-08 16:00:00,959.7016272635132
2024-04-08 17:00:00,946.4772072825634
2024-04-08 18:00:00,982.453660617995
2024-04-08 19:00:00,982.5461916664908
2024-04-08 20:00:00,995.7009207939864
2024-04-08 21:00:00,959.1393291382781
2024-04-08 22:00:00,1029.2418470643777
2024-04-08 23:00:00,1062.4111030257059
2024-04-09 00:00:00,1083.298556677673
2024-04-09 01:00:00,1105.077884763429
2024-04-09 02:00:00,1150.1900049014196
2024-04-09 03:00:00,1171.4544389163711
2024-04-09 04:00:00,1190.7685300733292
2024-04-09 05:00:00,1200.2805389426283
2024-04-09 06:00:00,1226.054745807324
2024-04-09 07:00:00,1204.09410035001
2024-04-09 08:00:00,1194.2318280683508
2024-04-09 09:00:00,1193.2206649839825
2024-04-09 10:00:00,1168.410367482104
2024-04-09 11:00:00,1142.8215297175616
2024-04-09 12:00:00,1091.8688888694205
2024-04-09 13:00:00,1092.9962089669243
2024-04-09 14:00:00,1052.256576441342
2024-04-09 15:00:00,1015.5951360194465
2024-04-09 16:00:00,988.6906389385563
2024-04-09 17:00:00,970.3006488408173
2024-04-09 18:00:00,980.2896035489142
2024-04-09 19:00:00,992.015630031066
2024-04-09 20:00:00,1003.2733902091318
2024-04-09 21:00:00,1040.5441473760704
2024-04-09 22:00:00,1033.4613144554046
2024-04-09 23:00:00,1074.3488490693917
2024-04-10 00:00:00,1104.4313143151153
2024-04-10 01:00:00,1128.9055379921863
2024-04-10 02:00:00,1159.3791045320472
2024-04-10 03:00:00,1171.15667493416
2024-04-10 04:00:00,1232.97935783523
2024-04-10 05:00:00,1224.3400595665219
2024-04-10 06:00:00,1208.5086055831002
2024-04-10 07:00:00,1197.6306155963152
2024-04-10 08:00:00,1232.3894648388978
2024-04-10 09:00:00,1188.6988805463359
2024-04-10 10:00:00,1137.7042165700843
2024-04-10 11:00:00,1130.6507340121852
2024-04-10 12:00:00,1076.7286865190972
2024-04-10 13:00:00,1046.2913131468733
2024-04-10 14:00:00,1015.3801385870369
2024-04-10 15:00:00,997.8119605842363
2024-04-10 16:00:00,982.9810964228283
2024-04-10 17:00:00,961.7879180346175
2024-04-10 18:00:00,964.9647036077422
2024-04-10 19:00:00,965.9049501250087
2024-04-10 20:00:00,975.791186271473
2024-04-10 21:00:00,969.5612875182833
2024-04-10 22:00:00,969.9839550558905
2024-04-10 23:00:00,1021.8686155374439
2024-04-11 00:00:00,1087.0498654111702
2024-04-11 01:00:00,1092.3135611517773
2024-04-11 02:00:00,1089.6246970402756
2024-04-11 03:00:00,1133.3519945325136
2024-04-11 04:00:00,1149.4119823782378
2024-04-11 05:00:00,1173.170153271684
2024-04-11 06:00:00,1166.0102735669468
2024-04-11 07:00:00,1192.242131300493
2024-04-11 08:00:00,1136.079487528079
2024-04-11 09:00:00,1133.44301213244
2024-04-11 10:00:00,1107.2166365354913
2024-04-11 11:00:00,1042.6993630673987
2024-04-11 12:00:00,987.1153236639256
2024-04-11 13:00:00,980.8466512028921
2024-04-11 14:00:00,974.4431560238846
2024-04-11 15:00:00,926.9520724416657
2024-04-11 16:00:00,896.5251748470848
2024-04-11 17:00:00,880.8154967968767
2024-04-11 18:00:00,884.9272173578262
2024-04-11 19:00:00,871.857682086784
2024-04-11 20:00:00,919.2450642194372
2024-04-11 21:00:00,922.120061756469
2024-04-11 22:00:00,926.6223125505312
2024-04-11 23:00:00,961.9484700571024
2024-04-12 00:00:00,998.3342056881711
2024-04-12 01:00:00,1008.8970054181962
2024-04-12 02:00:00,1043.974489239269
2024-04-12 03:00:00,1075.7782679118175
2024-04-12 04:00:00,1065.8329830826453
2024-04-12 05:00:00,1124.5024585050317
2024-04-12 06:00:00,1102.9161593165627
2024-04-12 07:00:00,1093.8401131138558
2024-04-12 08:00:00,1087.1036097251672
2024-04-12 09:00:00,1056.4534157303199
2024-04-12 10:00:00,1021.9158463384977
2024-04-12 11:00:00,990.5924422107211
2024-04-12 12:00:00,970.2193483581401
2024-04-12 13:00:00,940.0676523292024
2024-04-12 14:00:00,900.2446051001162
2024-04-12 15:00:00,891.4031013333553
2024-04-12 16:00:00,882.196189721506
2024-04-12 17:00:00,846.4504020277681
2024-04-12 18:00:00,834.4551363733536
2024-04-12 19:00:00,833.5385429219505
2024-04-12 20:00:00,843.3994687626003
2024-04-12 21:00:00,896.9439434560966
2024-04-12 22:00:00,887.3735621561777
2024-04-12 23:00:00,924.9961527661374
2024-04-13 00:00:00,943.7514917735743
2024-04-13 01:00:00,962.3778413297132
2024-04-13 02:00:00,1023.9714885325257
2024-04-13 03:00:00,1024.3444569217995
2024-04-13 04:00:00,1054.377848912986
2024-04-13 05:00:00,1046.619107055666
2024-04-13 06:00:00,1076.739450640131
2024-04-13 07:00:00,1058.8989512067647
2024-04-13 08:00:00,1051.6233181715697
2024-04-13 09:00:00,1025.2192384445225
2024-04-13 10:00:00,1008.1973340919145
2024-04-13 11:00:00,968.2877812478765
2024-04-13 12:00:00,962.6447890771146
2024-04-13 13:00:00,915.517701391004
2024-04-13 14:00:00,878.7823871858969
2024-04-13 15:00:00,853.1238827470975
2024-04-13 16:00:00,857.799933143585
2024-04-13 17:00:00,836.7361170928364
2024-04-13 18:00:00,817.2189922057785
2024-04-13 19:00:00,821.0224182772315
2024-04-13 20:00:00,845.7111517854194
2024-04-13 21:00:00,885.4924789846375
2024-04-13 22:00:00,898.7359353621832
2024-04-13 23:00:00,927.3411003537448
2024-04-14 00:00:00,956.9325468451924
2024-04-14 01:00:00,980.455872072613
2024-04-14 02:00:00,1037.4212367274008
2024-04-14 03:00:00,1046.436555643848
2024-04-14 04:00:00,1071.449719892679
2024-04-14 05:00:00,1084.7738331685018
2024-04-14 06:00:00,1110.1353763667391
2024-04-14 07:00:00,1102.6580221655997
2024-04-14 08:00:00,1094.911971383483
2024-04-14 09:00:00,1079.1552708392226
2024-04-14 10:00:00,1049.1909395059922
2024-04-14 11:00:00,1004.0268911251499
2024-04-14 12:00:00,990.0314205601895
2024-04-14 13:00:00,963.5302955571091
2024-04-14 14:00:00,943.1067449744817
2024-04-14 15:00:00,921.4243399110313
2024-04-14 16:00:00,885.1290732155801
2024-04-14 17:00:00,885.9680995038749
2024-04-14 18:00:00,911.5398149596683
2024-04-14 19:00:00,876.2223757116318
2024-04-14 20:00:00,930.7034876515277
2024-04-14 21:00:00,930.1331040484324
2024-04-14 22:00:00,971.0771781948449
2024-04-14 23:00:00,984.1980319554207
2024-04-15 00:00:00,1021.9661529176349
2024-04-15 01:00:00,1067.3592989365213
2024-04-15 02:00:00,1092.4442007343375
2024-04-15 03:00:00,1144.584619744819
2024-04-15 04:00:00,1133.3178523366962
2024-04-15 05:00:00,1155.9026519347376
2024-04-15 06:00:00,1163.8863166991166
2024-04-15 07:00:00,1196.7083273270077
2024-04-15 08:00:00,1144.6695288915273
2024-04-15 09:00:00,1145.3268543853237
2024-04-15 10:00:00,1126.4651655309858
2024-04-15 11:00:00,1077.5909413510633
2024-04-15 12:00:00,1046.4866568972868
2024-04-15 13:00:00,1072.0972218345494
2024-04-15 14:00:00,1003.0221699807321
2024-04-15 15:00:00,995.0736411522468
2024-04-15 16:00:00,967.2547028828906
2024-04-15 17:00:00,973.4457045620196
2024-04-15 18:00:00,970.4695323230106
2024-04-15 19:00:00,952.8784687981449
2024-04-15 20:00:00,960.1393732761105
2024-04-15 21:00:00,989.3783273647206
2024-04-15 22:00:00,1038.0371597365147
2024-04-15 23:00:00,1070.8511726234124
2024-04-16 00:00:00,1105.1697657648394
2024-04-16 01:00:00,1129.1948311285664
2024-04-16 02:00:00,1158.6778999920464
2024-04-16 03:00:00,1153.4780479817564
2024-04-16 04:00:00,1195.1056189793328
2024-04-16 05:00:00,1215.69365671915
2024-04-16 06:00:00,1218.4275170917492
2024-04-16 07:00:00,1201.3927428959773
2024-04-16 08:00:00,1200.766144201825
2024-04-16 09:00:00,1186.0289509553238
2024-04-16 10:00:00,1140.6903269042184
2024-04-16 11:00:00,1141.0209145612757
2024-04-16 12:00:00,1099.2762780412124
2024-04-16 13:00:00,1075.4044879058222
2024-04-16 14:00:00,1057.1407745975514
2024-04-16 15:00:00,1018.0994357178524
2024-04-16 16:00:00,1020.995525842216
2024-04-16 17:00:00,990.730699850848
2024-04-16 18:00:00,974.7797802790138
2024-04-16 19:00:00,989.2983169332341
2024-04-16 20:00:00,963.8091656551085
2024-04-16 21:00:00,1023.124423075128
2024-04-16 22:00:00,1066.4291338004598
2024-04-16 23:00:00,1073.1499463529105
2024-04-17 00:00:00,1097.329254390238
2024-04-17 01:00:00,1096.215090869467
2024-04-17 02:00:00,1141.1674303849727
2024-04-17 03:00:00,1186.2573442360367
2024-04-17 04:00:00,1198.2573818800374
2024-04-17 05:00:00,1193.195671697096
2024-04-17 06:00:00,1272.2016782441235
2024-04-17 07:00:00,1213.2349743608024
2024-04-17 08:00:00,1209.9549673412866
2024-04-17 09:00:00,1187.8071078066196
2024-04-17 10:00:00,1170.2813834693861
2024-04-17 11:00:00,1131.410223935711
2024-04-17 12:00:00,1116.0133237791888
2024-04-17 13:00:00,1050.7541645805948
2024-04-17 14:00:00,1013.9156221862426
2024-04-17 15:00:00,999.5635596150153
2024-04-17 16:00:00,979.6700966174576
2024-04-17 17:00:00,970.1023613375454
2024-04-17 18:00:00,963.3826168671059
2024-04-17 19:00:00,967.1251195881343
2024-04-17 20:00:00,967.6214485975673
2024-04-17 21:00:00,1023.5547563116827
2024-04-17 22:00:00,1000.3022281397425
2024-04-17 23:00:00,1040.2395668029133
2024-04-18 00:00:00,1091.1599047689538
2024-04-18 01:00:00,1084.9958768847832
2024-04-18 02:00:00,1114.1711459404703
2024-04-18 03:00:00,1153.8689561524825
2024-04-18 04:00:00,1180.2171129230949
2024-04-18 05:00:00,1154.5302249487802
2024-04-18 06:00:00,1174.1229191329116
2024-04-18 07:00:00,1189.504781886496
2024-04-18 08:00:00,1141.8959646272922
2024-04-18 09:00:00,1114.6848044734807
2024-04-18 10:00:00,1099.3743581898782
2024-04-18 11:00:00,1084.8878149392278
2024-04-18 12:00:00,1050.6355159934349
2024-04-18 13:00:00,1033.8633336629473
2024-04-18 14:00:00,1002.0095320947687
2024-04-18 15:00:00,925.1315138826684
2024-04-18 16:00:00,927.4003254318475
2024-04-18 17:00:00,896.6877297280973
2024-04-18 18:00:00,886.859521072527
2024-04-18 19:00:00,889.6156872769039
2024-04-18 20:00:00,893.2894327993808
2024-04-18 21:00:00,923.2295479282159
2024-04-18 22:00:00,962.1017697711909
2024-04-18 23:00:00,954.1850072240616
2024-04-19 00:00:00,992.0466360592129
2024-04-19 01:00:00,1035.8620433669735
2024-04-19 02:00:00,1029.3646064378402
2024-04-19 03:00:00,1051.2913721532793
2024-04-19 04:00:00,1103.2074731171838
2024-04-19 05:00:00,1090.6837635027182
2024-04-19 06:00:00,1102.1747826517305
2024-04-19 07:00:00,1058.461479934046
2024-04-19 08:00:00,1075.1152875786222
2024-04-19 09:00:00,1032.9567652004791
2024-04-19 10:00:00,1025.9612811625834
2024-04-19 11:00:00,987.4465182894648
2024-04-19 12:00:00,1001.4194078227345
2024-04-19 13:00:00,955.3047929035423
2024-04-19 14:00:00,882.2526880457089
2024-04-19 15:00:00,884.0203709254342
2024-04-19 16:00:00,816.9917079492958
2024-04-19 17:00:00,867.2622815820475
2024-04-19 18:00:00,838.7257585252898
2024-04-19 19:00:00,830.6857845092334
2024-04-19 20:00:00,862.1991210522003
2024-04-19 21:00:00,856.8288682047918
2024-04-19 22:00:00,903.3075930621844
2024-04-19 23:00:00,938.8215841276932
2024-04-20 00:00:00,966.4928628765526
2024-04-20 01:00:00,985.6495841113783
2024-04-20 02:00:00,1031.470100295098
2024-04-20 03:00:00,1059.2818717598934
2024-04-20 04:00:00,1027.7473453699063
2024-04-20 05:00:00,1065.506095997413
2024-04-20 06:00:00,1067.4116136254208
2024-04-20 07:00:00,1071.8482185024734
2024-04-20 08:00:00,1045.988082183139
2024-04-20 09:00:00,1048.0201450808033
2024-04-20 10:00:00,1002.6057787101283
2024-04-20 11:00:00,968.6494895181878
2024-04-20 12:00:00,938.4796719653706
2024-04-20 13:00:00,944.5692608152166
2024-04-20 14:00:00,880.415281999807
2024-04-20 15:00:00,854.2664377457396
2024-04-20 16:00:00,861.2396930909932
2024-04-20 17:00:00,860.7102099976403
2024-04-20 18:00:00,845.7460285024731
2024-04-20 19:00:00,834.9414517681744
2024-04-20 20:00:00,881.2703816824293
2024-04-20 21:00:00,869.9071557571774
2024-04-20 22:00:00,936.9000384370045
2024-04-20 23:00:00,962.1195271627928
2024-04-21 00:00:00,981.8489752253029
2024-04-21 01:00:00,1008.7610823714422
2024-04-21 02:00:00,1050.3869829825248
2024-04-21 03:00:00,1055.9086306760698
2024-04-21 04:00:00,1070.1705793859035
2024-04-21 05:00:00,1074.142535377086
2024-04-21 06:00:00,1101.056659890208
2024-04-21 07:00:00,1120.0252475151574
2024-04-21 08:00:00,1101.6087251728848
2024-04-21 09:00:00,1053.927194508404
2024-04-21 10:00:00,1065.5677337381633
2024-04-21 11:00:00,1024.4294252634436
2024-04-21 12:00:00,999.8803709249023
2024-04-21 13:00:00,990.7782701573384
2024-04-21 14:00:00,924.6262349643772
2024-04-21 15:00:00,918.9006642803112
2024-04-21 16:00:00,911.0739259971807
2024-04-21 17:00:00,892.753591555976
2024-04-21 18:00:00,866.9562952203255
2024-04-21 19:00:00,906.4050454767813
2024-04-21 20:00:00,920.4632846568907
2024-04-21 21:00:00,942.2252036194533
2024-04-21 22:00:00,973.469152317599
2024-04-21 23:00:00,988.4387085944327
2024-04-22 00:00:00,1027.816605949809
2024-04-22 01:00:00,1066.0054800655162
2024-04-22 02:00:00,1088.5182011261757
2024-04-22 03:00:00,1127.8595558566963
2024-04-22 04:00:00,1131.823737904121
2024-04-22 05:00:00,1145.532121811779
2024-04-22 06:00:00,1155.9699760950539
2024-04-22 07:00:00,1149.1782636004707
2024-04-22 08:00:00,1170.7437143148552
2024-04-22 09:00:00,1157.6923229665258
2024-04-22 10:00:00,1107.9780823743658
2024-04-22 11:00:00,1114.0755667452795
2024-04-22 12:00:00,1070.3072888638487
2024-04-22 13:00:00,1034.0328827282005
2024-04-22 14:00:00,1019.8588434580605
2024-04-22 15:00:00,983.9030136265806
2024-04-22 16:00:00,986.5439285282184
2024-04-22 17:00:00,956.1305226548291
2024-04-22 18:00:00,971.329098741402
2024-04-22 19:00:00,943.8627382052567
2024-04-22 20:00:00,987.429210314694
2024-04-22 21:00:00,1007.9972916046811
2024-04-22 22:00:00,1038.0380522993275
2024-04-22 23:00:00,1062.1730970154574
2024-04-23 00:00:00,1097.7051655121172
2024-04-23 01:00:00,1117.48797242515
2024-04-23 02:00:00,1175.4463995577382
2024-04-23 03:00:00,1181.4710774857472
2024-04-23 04:00:00,1201.7821780322138
2024-04-23 05:00:00,1250.210449394117
2024-04-23 06:00:00,1223.1129460834206
2024-04-23 07:00:00,1199.7464352519264
2024-04-23 08:00:00,1199.8948930377196
2024-04-23 09:00:00,1181.8715676582347
2024-04-23 10:00:00,1182.4008529071532
2024-04-23 11:00:00,1127.0983435270127
2024-04-23 12:00:00,1085.1989926867968
2024-04-23 13:00:00,1096.0506856533525
2024-04-23 14:00:00,1060.2537318551242
2024-04-23 15:00:00,1046.3657397508205
2024-04-23 16:00:00,1022.558157264119
2024-04-23 17:00:00,990.2895951898186
2024-04-23 18:00:00,991.3206604549326
2024-04-23 19:00:00,1016.6208799071238
2024-04-23 20:00:00,1003.2718030771813
2024-04-23 21:00:00,1026.667273727298
2024-04-23 22:00:00,1016.4088030823594
2024-04-23 23:00:00,1067.5196454069803
2024-04-24 00:00:00,1112.8241567802322
2024-04-24 01:00:00,1142.9844267167196
2024-04-24 02:00:00,1157.8857476904345
2024-04-24 03:00:00,1227.0305826287777
2024-04-24 04:00:00,1215.6029855377194
2024-04-24 05:00:00,1215.4288730511066
2024-04-24 06:00:00,1242.7371589856891
2024-04-24 07:00:00,1222.288835248905
2024-04-24 08:00:00,1191.3123496068188
2024-04-24 09:00:00,1174.3053832657247
2024-04-24 10:00:00,1155.3879996856704
2024-04-24 11:00:00,1130.4065130357608
2024-04-24 12:00:00,1092.327824888377
2024-04-24 13:00:00,1071.6892200325296
2024-04-24 14:00:00,1014.0108421415222
2024-04-24 15:00:00,1028.8438010345694
2024-04-24 16:00:00,996.6281419816997
2024-04-24 17:00:00,968.1117390052256
2024-04-24 18:00:00,964.7503610098613
2024-04-24 19:00:00,984.151125677875
2024-04-24 20:00:00,968.5621225259836
2024-04-24 21:00:00,994.0548945211975
2024-04-24 22:00:00,1011.4790020821729
2024-04-24 23:00:00,1035.2486648552037
2024-04-25 00:00:00,1062.4336758675
2024-04-25 01:00:00,1068.750651539825
2024-04-25 02:00:00,1079.4930319187276
2024-04-25 03:00:00,1141.7741550428018
2024-04-25 04:00:00,1191.9447410735518
2024-04-25 05:00:00,1166.9807114919374
2024-04-25 06:00:00,1178.2600850223585
2024-04-25 07:00:00,1166.4417806092792
2024-04-25 08:00:00,1126.4658366566734
2024-04-25 09:00:00,1134.0516745944774
2024-04-25 10:00:00,1081.3767299853407
2024-04-25 11:00:00,1073.7171618524371
2024-04-25 12:00:00,1031.224367751623
2024-04-25 13:00:00,1002.3217037981063
2024-04-25 14:00:00,937.0701340596926
2024-04-25 15:00:00,963.8866083329895
2024-04-25 16:00:00,910.6406282280166
2024-04-25 17:00:00,899.3945369927583
2024-04-25 18:00:00,881.0611134719616
2024-04-25 19:00:00,889.3168811861475
2024-04-25 20:00:00,885.988245971412
2024-04-25 21:00:00,917.3230053891434
2024-04-25 22:00:00,942.2622071711834
2024-04-25 23:00:00,952.9675838973093
2024-04-26 00:00:00,1012.03026115291
2024-04-26 01:00:00,1002.3224951983611
2024-04-26 02:00:00,1066.5819973593832
2024-04-26 03:00:00,1100.7500650226289
2024-04-26 04:00:00,1087.9455805201494
2024-04-26 05:00:00,1106.4672153596364
2024-04-26 06:00:00,1117.1629857054422
2024-04-26 07:00:00,1073.668317988955
2024-04-26 08:00:00,1090.0589341234534
2024-04-26 09:00:00,1039.3106386498985
2024-04-26 10:00:00,1041.6508641953233
2024-04-26 11:00:00,975.5823568702136
2024-04-26 12:00:00,957.6030292534385
2024-04-26 13:00:00,941.8197980782423
2024-04-26 14:00:00,882.2592941657609
2024-04-26 15:00:00,898.5729554420576
2024-04-26 16:00:00,862.9379037787415
2024-04-26 17:00:00,828.6482329707468
2024-04-26 18:00:00,862.1894411639795
2024-04-26 19:00:00,870.5981819564768
2024-04-26 20:00:00,869.7010755856186
2024-04-26 21:00:00,863.973830902716
2024-04-26 22:00:00,882.2057880133284
2024-04-26 23:00:00,910.8727242592877
2024-04-27 00:00:00,970.3236995894705
2024-04-27 01:00:00,998.2297468328453
2024-04-27 02:00:00,1027.932270262773
2024-04-27 03:00:00,1030.8138156199968
2024-04-27 04:00:00,1080.6472376255083
2024-04-27 05:00:00,1082.1067358903554
2024-04-27 06:00:00,1064.436974520292
2024-04-27 07:00:00,1062.004720757476
2024-04-27 08:00:00,1054.88913061346
2024-04-27 09:00:00,1026.4052527404901
2024-04-27 10:00:00,996.3103874787555
2024-04-27 11:00:00,990.7941688835351
2024-04-27 12:00:00,972.37317747897
2024-04-27 13:00:00,943.2084858140284
2024-04-27 14:00:00,909.2336902214747
2024-04-27 15:00:00,862.476488982034
2024-04-27 16:00:00,844.9589371840457
2024-04-27 17:00:00,838.7926175239447
2024-04-27 18:00:00,841.0673108637649
2024-04-27 19:00:00,852.2228844584064
2024-04-27 20:00:00,872.569555927293
2024-04-27 21:00:00,870.4201500537183
2024-04-27 22:00:00,909.597969742294
2024-04-27 23:00:00,929.4779768944435
2024-04-28 00:00:00,983.043455871434
2024-04-28 01:00:00,993.5256578071562
2024-04-28 02:00:00,1027.1544951387525
2024-04-28 03:00:00,1091.1080909855066
2024-04-28 04:00:00,1102.2736490053703
2024-04-28 05:00:00,1098.8712500146169
2024-04-28 06:00:00,1069.9242235591403
2024-04-28 07:00:00,1104.9588071736687
2024-04-28 08:00:00,1085.3251998767855
2024-04-28 09:00:00,1094.2753065783263
2024-04-28 10:00:00,1078.6926433825447
2024-04-28 11:00:00,1028.74309821852
2024-04-28 12:00:00,1008.5888139441063
2024-04-28 13:00:00,975.9682504308024
2024-04-28 14:00:00,939.6494461302001
2024-04-28 15:00:00,924.4179960724643
2024-04-28 16:00:00,894.6885015124005
2024-04-28 17:00:00,897.3883259945106
2024-04-28 18:00:00,883.3461027476461
2024-04-28 19:00:00,902.9278442496553
2024-04-28 20:00:00,926.3706331504017
2024-04-28 21:00:00,938.4342270606793
2024-04-28 22:00:00,955.7521227348454
2024-04-28 23:00:00,992.1323956290798
2024-04-29 00:00:00,1016.2966224593565
2024-04-29 01:00:00,1076.525046651176
2024-04-29 02:00:00,1067.9251243364708
2024-04-29 03:00:00,1130.2748854683257
2024-04-29 04:00:00,1152.401546576387
2024-04-29 05:00:00,1162.917330909226
2024-04-29 06:00:00,1165.8697291373576
2024-04-29 07:00:00,1145.4557021078795
2024-04-29 08:00:00,1188.4140869605528
2024-04-29 09:00:00,1151.8879100583777
2024-04-29 10:00:00,1124.8350194988527
2024-04-29 11:00:00,1099.114117578449
2024-04-29 12:00:00,1060.2051342148825
2024-04-29 13:00:00,1022.7558919150139
2024-04-29 14:00:00,997.8861334384438
2024-04-29 15:00:00,967.265771587306
2024-04-29 16:00:00,980.1645595352611
2024-04-29 17:00:00,948.5144223264283
2024-04-29 18:00:00,962.6666093137344
2024-04-29 19:00:00,958.665220820557
2024-04-29 20:00:00,981.995694812864
2024-04-29 21:00:00,1006.5233000709073
2024-04-29 22:00:00,1033.0741608332683
2024-04-29 23:00:00,1060.1989529503173
2024-04-30 00:00:00,1088.1108041742534
2024-04-30 01:00:00,1135.4509024300598
2024-04-30 02:00:00,1151.3645681485225
2024-04-30 03:00:00,1181.7223260916342
2024-04-30 04:00:00,1232.3254127066514
2024-04-30 05:00:00,1206.4057744196505
2024-04-30 06:00:00,1232.1438214207787
2024-04-30 07:00:00,1221.2505984704596
2024-04-30 08:00:00,1208.8316750770018
2024-04-30 09:00:00,1182.893032045309
2024-04-30 10:00:00,1177.7164533044952
2024-04-30 11:00:00,1145.2281424416774
2024-04-30 12:00:00,1093.0310486847525
2024-04-30 13:00:00,1047.643159509552
2024-04-30 14:00:00,1070.8108460841015
2024-04-30 15:00:00,1023.5546058580264
2024-04-30 16:00:00,1003.1002827869147
2024-04-30 17:00:00,1009.0953465984102
2024-04-30 18:00:00,1017.4996372035861
2024-04-30 19:00:00,984.5224067525513
2024-04-30 20:00:00,1015.3440255211715
2024-04-30 21:00:00,1019.1217172403776
2024-04-30 22:00:00,1051.9468858857704
2024-04-30 23:00:00,1039.5906786681373
2024-05-01 00:00:00,1099.4141321891238
2024-05-01 01:00:00,1127.4777841722457
2024-05-01 02:00:00,1167.1846116315191
2024-05-01 03:00:00,1214.2274993354733
2024-05-01 04:00:00,1194.6353536028719
2024-05-01 05:00:00,1218.4782517950202
2024-05-01 06:00:00,1225.400800532715
2024-05-01 07:00:00,1213.9634649905502
2024-05-01 08:00:00,1207.3407935767532
2024-05-01 09:00:00,1198.2636533696218
2024-05-01 10:00:00,1154.416427290906
2024-05-01 11:00:00,1105.3096299185793
2024-05-01 12:00:00,1122.8528564836693
2024-05-01 13:00:00,1069.7292568265157
2024-05-01 14:00:00,1017.976615245181
2024-05-01 15:00:00,1017.9498246969017
2024-05-01 16:00:00,971.0588227342887
2024-05-01 17:00:00,968.2605413564827
2024-05-01 18:00:00,954.2147012093213
2024-05-01 19:00:00,967.9817695796213
2024-05-01 20:00:00,1002.9052796304962
2024-05-01 21:00:00,1014.5078835311581
2024-05-01 22:00:00,1011.0633163547012
2024-05-01 23:00:00,1039.0249967781253
2024-05-02 00:00:00,1066.801674110441
2024-05-02 01:00:00,1090.170974976475
2024-05-02 02:00:00,1126.6124731537113
2024-05-02 03:00:00,1152.4904168531684
2024-05-02 04:00:00,1141.7721931402086
2024-05-02 05:00:00,1177.076089690235
2024-05-02 06:00:00,1175.1032802338166
2024-05-02 07:00:00,1175.0069692321051
2024-05-02 08:00:00,1149.5913545080546
2024-05-02 09:00:00,1134.1289668251297
2024-05-02 10:00:00,1090.1481782326696
2024-05-02 11:00:00,1068.1899822863772
2024-05-02 12:00:00,1029.7404051095316
2024-05-02 13:00:00,1019.2979211491531
2024-05-02 14:00:00,989.8808771700443
2024-05-02 15:00:00,934.3999618131944
2024-05-02 16:00:00,923.2370722425975
2024-05-02 17:00:00,889.3217441910195
2024-05-02 18:00:00,916.0618729840143
2024-05-02 19:00:00,906.8598874826497
2024-05-02 20:00:00,910.2265645589456
2024-05-02 21:00:00,914.9929744670188
2024-05-02 22:00:00,931.7163824859886
2024-05-02 23:00:00,966.5266859728399
2024-05-03 00:00:00,983.7304198377096
2024-05-03 01:00:00,1023.7774551282561
2024-05-03 02:00:00,1051.6781129627407
2024-05-03 03:00:00,1084.6190080861284
2024-05-03 04:00:00,1104.8817500758119
2024-05-03 05:00:00,1107.6219366821952
2024-05-03 06:00:00,1097.099768806701
2024-05-03 07:00:00,1120.533633181656
2024-05-03 08:00:00,1077.9547141612227
2024-05-03 09:00:00,1082.1464259771624
2024-05-03 10:00:00,1039.4050580130381
2024-05-03 11:00:00,1018.5386863104823
2024-05-03 12:00:00,940.8968366269677
2024-05-03 13:00:00,956.6105255107025
2024-05-03 14:00:00,880.3075663192183
2024-05-03 15:00:00,888.0012670741359
2024-05-03 16:00:00,849.2196326259759
2024-05-03 17:00:00,875.9012647092763
2024-05-03 18:00:00,845.9597614714606
2024-05-03 19:00:00,850.9873092129498
2024-05-03 20:00:00,851.6983337155395
2024-05-03 21:00:00,866.1802233184163
2024-05-03 22:00:00,906.1672706147315
2024-05-03 23:00:00,920.5205636047763
2024-05-04 00:00:00,985.9367104405513
2024-05-04 01:00:00,957.1691141868364
2024-05-04 02:00:00,1008.8740465535806
2024-05-04 03:00:00,1033.556173380341
2024-05-04 04:00:00,1069.31174480466
2024-05-04 05:00:00,1066.1446636301093
2024-05-04 06:00:00,1077.506946458847
2024-05-04 07:00:00,1064.993972680359
2024-05-04 08:00:00,1068.272661091582
2024-05-04 09:00:00,1026.9027777658016
2024-05-04 10:00:00,997.1286075623592
2024-05-04 11:00:00,978.2807740782
2024-05-04 12:00:00,932.4576696016647
2024-05-04 13:00:00,896.5940506144691
2024-05-04 14:00:00,865.0792992091218
2024-05-04 15:00:00,869.2022385396796
2024-05-04 16:00:00,821.7049698867095
2024-05-04 17:00:00,833.7776387564784
2024-05-04 18:00:00,830.9232298164966
2024-05-04 19:00:00,844.0427903853468
2024-05-04 20:00:00,872.257793498335
2024-05-04 21:00:00,879.7237014233289
2024-05-04 22:00:00,914.198931886179
2024-05-04 23:00:00,916.0928240480124
2024-05-05 00:00:00,951.6888677295038
2024-05-05 01:00:00,986.5171634462581
2024-05-05 02:00:00,1020.1329337864382
2024-05-05 03:00:00,1048.432800318839
2024-05-05 04:00:00,1067.7051266391838
2024-05-05 05:00:00,1109.6982868075575
2024-05-05 06:00:00,1102.4965628627997
2024-05-05 07:00:00,1120.0819692309751
2024-05-05 08:00:00,1095.8508249851975
2024-05-05 09:00:00,1076.7018142223508
2024-05-05 10:00:00,1059.4277651690127
2024-05-05 11:00:00,1019.9531260067879
2024-05-05 12:00:00,1012.3994470215733
2024-05-05 13:00:00,971.3190072587701
2024-05-05 14:00:00,905.5761420293098
2024-05-05 15:00:00,940.388008974134
2024-05-05 16:00:00,949.6876777103427
2024-05-05 17:00:00,907.4690061215836
2024-05-05 18:00:00,905.8177735294579
2024-05-05 19:00:00,886.1156566503508
2024-05-05 20:00:00,893.0054012352338
2024-05-05 21:00:00,937.4466026605251
2024-05-05 22:00:00,969.9478339496418
2024-05-05 23:00:00,1008.1847512601566
2024-05-06 00:00:00,1034.7938105184253
2024-05-06 01:00:00,1072.780713518195
2024-05-06 02:00:00,1098.2387587332971
2024-05-06 03:00:00,1106.1461830924425
2024-05-06 04:00:00,1137.8403282682898
2024-05-06 05:00:00,1160.4678348911677
2024-05-06 06:00:00,1181.8033311853192
2024-05-06 07:00:00,1157.2835687624172
2024-05-06 08:00:00,1146.1739686835663
2024-05-06 09:00:00,1167.9814862418148
2024-05-06 10:00:00,1119.4424188418284
2024-05-06 11:00:00,1093.324367531908
2024-05-06 12:00:00,1087.3299341847394
2024-05-06 13:00:00,1060.2584596988659
2024-05-06 14:00:00,1003.0603951092254
2024-05-06 15:00:00,977.3124181576409
2024-05-06 16:00:00,959.9793962059529
2024-05-06 17:00:00,944.329212845414
2024-05-06 18:00:00,967.4520474881372
2024-05-06 19:00:00,976.8473633957364
2024-05-06 20:00:00,988.3687304173905
2024-05-06 21:00:00,1004.0701393633894
2024-05-06 22:00:00,1014.5100303617672
2024-05-06 23:00:00,1076.139405854022
2024-05-07 00:00:00,1083.6786095834916
2024-05-07 01:00:00,1134.2603557676543
2024-05-07 02:00:00,1135.920880867206
2024-05-07 03:00:00,1165.1913959808733
2024-05-07 04:00:00,1196.4635357254601
2024-05-07 05:00:00,1221.5883904600553
2024-05-07 06:00:00,1229.2712821648392
2024-05-07 07:00:00,1199.046065879933
2024-05-07 08:00:00,1213.1020463574441
2024-05-07 09:00:00,1153.515808946959
2024-05-07 10:00:00,1153.5437958975642
2024-05-07 11:00:00,1164.486329640538
2024-05-07 12:00:00,1094.7521777697798
2024-05-07 13:00:00,1097.0358989555227
2024-05-07 14:00:00,1079.9821678039357
2024-05-07 15:00:00,1046.3456489553348
2024-05-07 16:00:00,1031.060290387174
2024-05-07 17:00:00,982.1051557547036
2024-05-07 18:00:00,987.4912152971262
2024-05-07 19:00:00,1014.6740913828394
2024-05-07 20:00:00,1031.743960028813
2024-05-07 21:00:00,1055.8742261741547
2024-05-07 22:00:00,1037.386799277672
2024-05-07 23:00:00,1078.5624361413127
2024-05-08 00:00:00,1121.9664490127452
2024-05-08 01:00:00,1164.8863346979608
2024-05-08 02:00:00,1186.4699960512055
2024-05-08 03:00:00,1214.5313873285095
2024-05-08 04:00:00,1196.417952849205
2024-05-08 05:00:00,1231.892699531202
2024-05-08 06:00:00,1202.939960075743
2024-05-08 07:00:00,1211.9985493628176
2024-05-08 08:00:00,1238.2088355542114
2024-05-08 09:00:00,1177.7486878238476
2024-05-08 10:00:00,1168.0875020591563
2024-05-08 11:00:00,1141.3948117453824
2024-05-08 12:00:00,1110.5228679614274
2024-05-08 13:00:00,1091.0164989615314
2024-05-08 14:00:00,1026.6045669636037
2024-05-08 15:00:00,984.0373803629534
2024-05-08 16:00:00,972.2246660732337
2024-05-08 17:00:00,966.7382802739953
2024-05-08 18:00:00,959.832120903544
2024-05-08 19:00:00,974.3768359224022
2024-05-08 20:00:00,961.3355808685723
2024-05-08 21:00:00,975.6838393732462
2024-05-08 22:00:00,1048.415802163995
2024-05-08 23:00:00,1026.4618592321565
2024-05-09 00:00:00,1071.7347739345898
2024-05-09 01:00:00,1082.3757996805514
2024-05-09 02:00:00,1116.5669907677743
2024-05-09 03:00:00,1125.7813373998183
2024-05-09 04:00:00,1155.3246598130766
2024-05-09 05:00:00,1161.7954423784263
2024-05-09 06:00:00,1168.4241264745817
2024-05-09 07:00:00,1179.9883867608314
2024-05-09 08:00:00,1182.105167542028
2024-05-09 09:00:00,1140.206209832791
2024-05-09 10:00:00,1088.775030821863
2024-05-09 11:00:00,1080.8034807191204
2024-05-09 12:00:00,1005.8690544226538
2024-05-09 13:00:00,982.2352782871792
2024-05-09 14:00:00,976.5732724971662
2024-05-09 15:00:00,941.7494021655485
2024-05-09 16:00:00,930.6083507435982
2024-05-09 17:00:00,892.1528221729874
2024-05-09 18:00:00,902.6256338791301
2024-05-09 19:00:00,893.6835344428232
2024-05-09 20:00:00,913.6659452660143
2024-05-09 21:00:00,936.2259476149271
2024-05-09 22:00:00,929.0860553140881
2024-05-09 23:00:00,986.8692020916843
2024-05-10 00:00:00,1025.5550465923038
2024-05-10 01:00:00,1033.9185126071611
2024-05-10 02:00:00,1040.251787893618
2024-05-10 03:00:00,1073.7384650382749
2024-05-10 04:00:00,1086.8761958842879
2024-05-10 05:00:00,1118.6261580361931
2024-05-10 06:00:00,1101.3077248422105
2024-05-10 07:00:00,1119.6321026556855
2024-05-10 08:00:00,1090.1663512379766
2024-05-10 09:00:00,1074.802363056094
2024-05-10 10:00:00,996.9705274600809
2024-05-10 11:00:00,1025.0115000004887
2024-05-10 12:00:00,957.8849878744472
2024-05-10 13:00:00,945.5276164932823
2024-05-10 14:00:00,883.838713086288
2024-05-10 15:00:00,878.0726558634236
2024-05-10 16:00:00,848.7341136003354
2024-05-10 17:00:00,851.7306356004011
2024-05-10 18:00:00,858.2835177306708
2024-05-10 19:00:00,854.0742002273361
2024-05-10 20:00:00,853.3561477251407
2024-05-10 21:00:00,889.1131708845205
2024-05-10 22:00:00,892.1855917824709
2024-05-10 23:00:00,916.0425407967108
2024-05-11 00:00:00,930.3513137374781
2024-05-11 01:00:00,1000.4613926526497
2024-05-11 02:00:00,1030.2551437037625
2024-05-11 03:00:00,1042.1655821982104
2024-05-11 04:00:00,1067.480604233876
2024-05-11 05:00:00,1045.122398664531
2024-05-11 06:00:00,1064.7029150518517
2024-05-11 07:00:00,1079.0185295483666
2024-05-11 08:00:00,1053.443094340233
2024-05-11 09:00:00,1059.0312571534798
2024-05-11 10:00:00,1009.21566703778
2024-05-11 11:00:00,978.6403704465564
2024-05-11 12:00:00,947.1251744771248
2024-05-11 13:00:00,930.4277563213043
2024-05-11 14:00:00,933.406714878292
2024-05-11 15:00:00,879.8498837156089
2024-05-11 16:00:00,848.884955475092
2024-05-11 17:00:00,868.0997102816707
2024-05-11 18:00:00,854.1670512455566
2024-05-11 19:00:00,818.3528366632986
2024-05-11 20:00:00,838.8202485563259
2024-05-11 21:00:00,899.2454957377646
2024-05-11 22:00:00,915.6420600587727
2024-05-11 23:00:00,940.9459086746687
2024-05-12 00:00:00,977.7605799704119
2024-05-12 01:00:00,986.8897615631091
2024-05-12 02:00:00,1017.4614593158097
2024-05-12 03:00:00,1062.4636607301927
2024-05-12 04:00:00,1118.0846482101842
2024-05-12 05:00:00,1111.1322243504617
2024-05-12 06:00:00,1109.808039440096
2024-05-12 07:00:00,1106.428606568889
2024-05-12 08:00:00,1106.4955133135331
2024-05-12 09:00:00,1086.7175299599526
2024-05-12 10:00:00,1024.9112218590342
2024-05-12 11:00:00,1009.1285799246646
2024-05-12 12:00:00,992.9931337987736
2024-05-12 13:00:00,962.4488190700187
2024-05-12 14:00:00,964.3846920120823
2024-05-12 15:00:00,928.3734967634676
2024-05-12 16:00:00,900.7593882971718
2024-05-12 17:00:00,887.7811358625969
2024-05-12 18:00:00,921.2479542934753
2024-05-12 19:00:00,893.1813249909569
2024-05-12 20:00:00,927.1793774624851
2024-05-12 21:00:00,938.4537855575243
2024-05-12 22:00:00,983.8758242846707
2024-05-12 23:00:00,1014.0718754028306
2024-05-13 00:00:00,1029.206140940616
2024-05-13 01:00:00,1092.759492808056
2024-05-13 02:00:00,1116.3704745306566
2024-05-13 03:00:00,1129.0965407717497
2024-05-13 04:00:00,1167.4787626854027
2024-05-13 05:00:00,1186.0678793834384
2024-05-13 06:00:00,1162.4087936617311
2024-05-13 07:00:00,1169.6455588366039
2024-05-13 08:00:00,1189.8888101627633
2024-05-13 09:00:00,1159.952603144594
2024-05-13 10:00:00,1132.1029775101676
2024-05-13 11:00:00,1091.348969736489
2024-05-13 12:00:00,1087.8699254075111
2024-05-13 13:00:00,1031.1828462706615
2024-05-13 14:00:00,1020.9178733787152
2024-05-13 15:00:00,1000.0302532527407
2024-05-13 16:00:00,970.1361614743075
2024-05-13 17:00:00,967.44381313512
2024-05-13 18:00:00,975.9732411421797
2024-05-13 19:00:00,999.4904004807412
2024-05-13 20:00:00,988.782563895694
2024-05-13 21:00:00,1032.881557680347
2024-05-13 22:00:00,1045.0135829728226
2024-05-13 23:00:00,1050.7358318586353
2024-05-14 00:00:00,1102.7824469506145
2024-05-14 01:00:00,1120.0689576675286
2024-05-14 02:00:00,1149.4907712352417
2024-05-14 03:00:00,1193.758099452353
2024-05-14 04:00:00,1214.6999360785355
2024-05-14 05:00:00,1230.1500489613868
2024-05-14 06:00:00,1252.408964935559
2024-05-14 07:00:00,1231.2091475826421
2024-05-14 08:00:00,1194.2447826943123
2024-05-14 09:00:00,1182.0820489432745
2024-05-14 10:00:00,1164.8816955492919
2024-05-14 11:00:00,1144.5733768442296
2024-05-14 12:00:00,1104.793921584471
2024-05-14 13:00:00,1077.8960805410352
2024-05-14 14:00:00,1053.3020560851082
2024-05-14 15:00:00,1034.9935181529406
2024-05-14 16:00:00,1055.3187959832642
2024-05-14 17:00:00,965.4020193297824
2024-05-14 18:00:00,998.7991817563135
2024-05-14 19:00:00,998.1489135593134
2024-05-14 20:00:00,1002.712188481175
2024-05-14 21:00:00,1025.0742831716643
2024-05-14 22:00:00,1069.1423702165991
2024-05-14 23:00:00,1067.6428678771842
2024-05-15 00:00:00,1104.3715456985524
2024-05-15 01:00:00,1168.3569149927741
2024-05-15 02:00:00,1171.2406220135044
2024-05-15 03:00:00,1232.294052027211
2024-05-15 04:00:00,1217.6757131629047
2024-05-15 05:00:00,1208.5252537678257
2024-05-15 06:00:00,1220.0159387383715
2024-05-15 07:00:00,1240.4464258623414
2024-05-15 08:00:00,1216.4558892350228
2024-05-15 09:00:00,1185.8729936136824
2024-05-15 10:00:00,1142.1714653368747
2024-05-15 11:00:00,1136.814229187251
2024-05-15 12:00:00,1082.7839096849189
2024-05-15 13:00:00,1053.2433970270986
2024-05-15 14:00:00,1010.416440237128
2024-05-15 15:00:00,999.3828389184456
2024-05-15 16:00:00,1013.9193808100667
2024-05-15 17:00:00,989.8713268118158
2024-05-15 18:00:00,978.4749356336215
2024-05-15 19:00:00,935.6149221718975
2024-05-15 20:00:00,970.427678435369
2024-05-15 21:00:00,979.9923536720544
2024-05-15 22:00:00,1020.1495493192291
2024-05-15 23:00:00,1056.829472455963
2024-05-16 00:00:00,1072.8266929950535
2024-05-16 01:00:00,1121.256571424422
2024-05-16 02:00:00,1123.6748010607555
2024-05-16 03:00:00,1140.7840627820362
2024-05-16 04:00:00,1179.833994664794
2024-05-16 05:00:00,1176.527126614101
2024-05-16 06:00:00,1161.7626057638017
2024-05-16 07:00:00,1188.6378422672508
2024-05-16 08:00:00,1180.6655370305778
2024-05-16 09:00:00,1128.13898328694
2024-05-16 10:00:00,1077.8914919927913
2024-05-16 11:00:00,1079.7487295245837
2024-05-16 12:00:00,1035.6869849978364
2024-05-16 13:00:00,988.3804722681416
2024-05-16 14:00:00,955.4027178900946
2024-05-16 15:00:00,961.3329309544821
2024-05-16 16:00:00,894.1350494169282
2024-05-16 17:00:00,892.9130169382793
2024-05-16 18:00:00,907.8023998706757
2024-05-16 19:00:00,911.9071833212718
2024-05-16 20:00:00,883.4714136526298
2024-05-16 21:00:00,930.4197444927344
2024-05-16 22:00:00,941.5083124750033
2024-05-16 23:00:00,961.1241959931372
2024-05-17 00:00:00,999.4213840198989
2024-05-17 01:00:00,1012.076287055604
2024-05-17 02:00:00,1038.317031858711
2024-05-17 03:00:00,1087.8663216320504
2024-05-17 04:00:00,1095.647850569881
2024-05-17 05:00:00,1116.473254651703
2024-05-17 06:00:00,1122.4602636706131
2024-05-17 07:00:00,1087.3757515278357
2024-05-17 08:00:00,1087.2152677068677
2024-05-17 09:00:00,1087.184232537169
2024-05-17 10:00:00,1041.9100114010812
2024-05-17 11:00:00,1018.1779899540346
2024-05-17 12:00:00,993.235344540177
2024-05-17 13:00:00,932.8301471671011
2024-05-17 14:00:00,911.3200206800345
2024-05-17 15:00:00,907.631260846301
2024-05-17 16:00:00,906.1910599542581
2024-05-17 17:00:00,862.5788510881404
2024-05-17 18:00:00,837.2925107802184
2024-05-17 19:00:00,821.0630317209631
2024-05-17 20:00:00,860.7855563864526
2024-05-17 21:00:00,879.7932161401615
2024-05-17 22:00:00,919.551415481699
2024-05-17 23:00:00,942.0898040720671
2024-05-18 00:00:00,950.8396499992703
2024-05-18 01:00:00,996.9434481795989
2024-05-18 02:00:00,1030.8897257705773
2024-05-18 03:00:00,1031.182659197896
2024-05-18 04:00:00,1061.2619733367726
2024-05-18 05:00:00,1079.1856372191962
2024-05-18 06:00:00,1077.509697255019
2024-05-18 07:00:00,1057.4079568865748
2024-05-18 08:00:00,1064.4735389246664
2024-05-18 09:00:00,1056.9956049214468
2024-05-18 10:00:00,1014.0850929621041
2024-05-18 11:00:00,1003.8167427575818
2024-05-18 12:00:00,984.0104278609099
2024-05-18 13:00:00,947.7139256307838
2024-05-18 14:00:00,903.3092160763339
2024-05-18 15:00:00,871.0167681323921
2024-05-18 16:00:00,830.6988999775467
2024-05-18 17:00:00,841.9777125388913
2024-05-18 18:00:00,856.7847672863331
2024-05-18 19:00:00,854.7379443967479
2024-05-18 20:00:00,860.232921188383
2024-05-18 21:00:00,899.7044825275656
2024-05-18 22:00:00,934.3067992183312
2024-05-18 23:00:00,952.0059169373026
2024-05-19 00:00:00,963.6411988945641
2024-05-19 01:00:00,1017.1148143561003
2024-05-19 02:00:00,1054.2320252563086
2024-05-19 03:00:00,1076.4965513241032
2024-05-19 04:00:00,1075.0683719311867
2024-05-19 05:00:00,1101.4301392708617
2024-05-19 06:00:00,1077.7293926157934
2024-05-19 07:00:00,1080.2532053966129
2024-05-19 08:00:00,1097.441500909695
2024-05-19 09:00:00,1076.687132857851
2024-05-19 10:00:00,1053.847210289245
2024-05-19 11:00:00,1034.3823366781298
2024-05-19 12:00:00,1052.2988777823464
2024-05-19 13:00:00,979.947101274725
2024-05-19 14:00:00,978.0593214423576
2024-05-19 15:00:00,914.6189167402212
2024-05-19 16:00:00,916.1116570902389
2024-05-19 17:00:00,913.3875081262769
2024-05-19 18:00:00,890.6832875281866
2024-05-19 19:00:00,903.7890044329728
2024-05-19 20:00:00,928.078682270717
2024-05-19 21:00:00,961.8063183170891
2024-05-19 22:00:00,991.4541266609784
2024-05-19 23:00:00,1007.4199125952057
2024-05-20 00:00:00,1032.1536113803945
2024-05-20 01:00:00,1076.6859894336196
2024-05-20 02:00:00,1113.4714051520516
2024-05-20 03:00:00,1143.5689805847926
2024-05-20 04:00:00,1162.5236544507711
2024-05-20 05:00:00,1167.4963890914366
2024-05-20 06:00:00,1160.2490761480763
2024-05-20 07:00:00,1160.7038575233057
2024-05-20 08:00:00,1156.4977904174914
2024-05-20 09:00:00,1148.9109813098503
2024-05-20 10:00:00,1100.5930379209249
2024-05-20 11:00:00,1096.5697836533993
2024-05-20 12:00:00,1048.3508353003144
2024-05-20 13:00:00,1056.1034195046716
2024-05-20 14:00:00,1013.1717317499146
2024-05-20 15:00:00,1013.7401147985978
2024-05-20 16:00:00,967.5669394183734
2024-05-20 17:00:00,968.528705254753
2024-05-20 18:00:00,952.4521551033729
2024-05-20 19:00:00,1004.117112013276
2024-05-20 20:00:00,1020.8618174903335
2024-05-20 21:00:00,1010.8561564057491
2024-05-20 22:00:00,1035.2266047437897
2024-05-20 23:00:00,1027.0746733104224
2024-05-21 00:00:00,1101.5948727696104
2024-05-21 01:00:00,1153.3771670744247
2024-05-21 02:00:00,1161.9490539834646
2024-05-21 03:00:00,1192.1171491974153
2024-05-21 04:00:00,1197.007600117519
2024-05-21 05:00:00,1212.4276375176844
2024-05-21 06:00:00,1248.4837061441826
2024-05-21 07:00:00,1261.2632266113885
2024-05-21 08:00:00,1205.3230366824523
2024-05-21 09:00:00,1178.3210115651245
2024-05-21 10:00:00,1159.6635368112625
2024-05-21 11:00:00,1166.0232657182291
2024-05-21 12:00:00,1127.5247775022049
2024-05-21 13:00:00,1072.0538951884773
2024-05-21 14:00:00,1071.4490960785672
2024-05-21 15:00:00,1032.1763787636037
2024-05-21 16:00:00,1015.290592286958
2024-05-21 17:00:00,1005.0180965480178
2024-05-21 18:00:00,980.9196595096943
2024-05-21 19:00:00,1008.0154845765555
2024-05-21 20:00:00,1041.2689482514543
2024-05-21 21:00:00,1012.7931863754222
2024-05-21 22:00:00,1053.78869487778
2024-05-21 23:00:00,1096.1723261396405
2024-05-22 00:00:00,1105.7876541579212
2024-05-22 01:00:00,1175.9110056403101
2024-05-22 02:00:00,1185.8009446986093
2024-05-22 03:00:00,1206.56854597004
2024-05-22 04:00:00,1230.3838533671271
2024-05-22 05:00:00,1236.3394813984162
2024-05-22 06:00:00,1254.166181397596
2024-05-22 07:00:00,1198.3313530469636
2024-05-22 08:00:00,1228.2699617804797
2024-05-22 09:00:00,1209.0649178383949
2024-05-22 10:00:00,1142.8868266691734
2024-05-22 11:00:00,1132.1819020610417
2024-05-22 12:00:00,1098.6610791955845
2024-05-22 13:00:00,1040.9341202203598
2024-05-22 14:00:00,1045.3310561675305
2024-05-22 15:00:00,1021.4176880614167
2024-05-22 16:00:00,982.5060700769151
2024-05-22 17:00:00,951.7922032559162
2024-05-22 18:00:00,980.2828382839518
2024-05-22 19:00:00,957.4526346634658
2024-05-22 20:00:00,969.5524352841765
2024-05-22 21:00:00,986.6641027775232
2024-05-22 22:00:00,1006.2460813173411
2024-05-22 23:00:00,1034.6236938264415
2024-05-23 00:00:00,1078.0497481752773
2024-05-23 01:00:00,1113.6862963868928
2024-05-23 02:00:00,1127.4919749108788
2024-05-23 03:00:00,1123.3954205545351
2024-05-23 04:00:00,1166.645792859487
2024-05-23 05:00:00,1169.421575525945
2024-05-23 06:00:00,1165.360328066567
2024-05-23 07:00:00,1143.2131709533564
2024-05-23 08:00:00,1130.8240413696676
2024-05-23 09:00:00,1123.6124508843898
2024-05-23 10:00:00,1115.8357660023853
2024-05-23 11:00:00,1102.7740458063058
2024-05-23 12:00:00,1054.9425239997781
2024-05-23 13:00:00,1029.3105434222598
2024-05-23 14:00:00,965.8168653481771
2024-05-23 15:00:00,947.9286376197153
2024-05-23 16:00:00,905.2700701586181
2024-05-23 17:00:00,908.7008239193835
2024-05-23 18:00:00,903.4176621955961
2024-05-23 19:00:00,893.204447461679
2024-05-23 20:00:00,895.6830397411002
2024-05-23 21:00:00,944.1964924846355
2024-05-23 22:00:00,950.2282960747197
2024-05-23 23:00:00,962.2365470536064
2024-05-24 00:00:00,981.3766040102802
2024-05-24 01:00:00,1024.3043253088533
2024-05-24 02:00:00,1052.8617073129287
2024-05-24 03:00:00,1100.746434876657
2024-05-24 04:00:00,1095.0062722180191
2024-05-24 05:00:00,1111.0976936954535
2024-05-24 06:00:00,1077.565445036725
2024-05-24 07:00:00,1115.2323287386016
2024-05-24 08:00:00,1097.7376307703241
2024-05-24 09:00:00,1070.6367554257345
2024-05-24 10:00:00,1044.7171696618407
2024-05-24 11:00:00,1029.7322763762193
2024-05-24 12:00:00,961.5752126601549
2024-05-24 13:00:00,930.4705119134723
2024-05-24 14:00:00,941.1021107205222
2024-05-24 15:00:00,914.7502195375339
2024-05-24 16:00:00,862.1200543210716
2024-05-24 17:00:00,850.7188871040961
2024-05-24 18:00:00,837.9929249453713
2024-05-24 19:00:00,860.8075310562333
2024-05-24 20:00:00,870.8189568868438
2024-05-24 21:00:00,860.1713728706113
2024-05-24 22:00:00,896.3309734368365
2024-05-24 23:00:00,942.3571658875945
2024-05-25 00:00:00,979.8941828990644
2024-05-25 01:00:00,1002.2521098311712
2024-05-25 02:00:00,997.0375221085515
2024-05-25 03:00:00,1031.7437342927476
2024-05-25 04:00:00,1077.454758684681
2024-05-25 05:00:00,1076.0358662807546
2024-05-25 06:00:00,1075.7495087800862
2024-05-25 07:00:00,1067.5780957080249
2024-05-25 08:00:00,1085.4292931857497
2024-05-25 09:00:00,1060.7609865164948
2024-05-25 10:00:00,1001.7573913786346
2024-05-25 11:00:00,1000.920021406686
2024-05-25 12:00:00,965.347756649322
2024-05-25 13:00:00,928.4818825078539
2024-05-25 14:00:00,884.6991341728981
2024-05-25 15:00:00,868.8967706274404
2024-05-25 16:00:00,855.0294366445996
2024-05-25 17:00:00,871.237288431332
2024-05-25 18:00:00,864.849966489924
2024-05-25 19:00:00,885.8294987939238
2024-05-25 20:00:00,873.4734575549945
2024-05-25 21:00:00,910.1431728674113
2024-05-25 22:00:00,907.7547305463297
2024-05-25 23:00:00,944.7013239950705
2024-05-26 00:00:00,952.1940158858685
2024-05-26 01:00:00,1038.8360543846836
2024-05-26 02:00:00,1059.3880944275306
2024-05-26 03:00:00,1089.2832390598949
2024-05-26 04:00:00,1089.7390592972902
2024-05-26 05:00:00,1112.0935593006022
2024-05-26 06:00:00,1116.0536338986497
2024-05-26 07:00:00,1111.5317306409759
2024-05-26 08:00:00,1093.6406036195256
2024-05-26 09:00:00,1072.3879746013931
2024-05-26 10:00:00,1044.3662534284688
2024-05-26 11:00:00,1039.7763714514754
2024-05-26 12:00:00,1035.1606158709385
2024-05-26 13:00:00,977.7539500961155
2024-05-26 14:00:00,957.8595407160267
2024-05-26 15:00:00,899.3065047165604
2024-05-26 16:00:00,903.4230308351669
2024-05-26 17:00:00,896.039328533209
2024-05-26 18:00:00,902.8336340829878
2024-05-26 19:00:00,905.0900519609537
2024-05-26 20:00:00,915.2401103153038
2024-05-26 21:00:00,945.5689107873502
2024-05-26 22:00:00,967.0438266535842
2024-05-26 23:00:00,989.760083001399
2024-05-27 00:00:00,1040.1491427385015
2024-05-27 01:00:00,1082.5010756869501
2024-05-27 02:00:00,1124.0985409433104
2024-05-27 03:00:00,1147.1468229985458
2024-05-27 04:00:00,1158.0338818477674
2024-05-27 05:00:00,1169.5308725051277
2024-05-27 06:00:00,1185.9196522063992
2024-05-27 07:00:00,1179.190425245934
2024-05-27 08:00:00,1154.8326928842137
2024-05-27 09:00:00,1134.6222031738646
2024-05-27 10:00:00,1153.7806346210427
2024-05-27 11:00:00,1111.989222560025
2024-05-27 12:00:00,1082.0470213630615
2024-05-27 13:00:00,1062.561146023869
2024-05-27 14:00:00,1003.3785858343609
2024-05-27 15:00:00,1005.672098139524
2024-05-27 16:00:00,984.3762249274932
2024-05-27 17:00:00,968.8100088851169
2024-05-27 18:00:00,973.4155781654746
2024-05-27 19:00:00,997.056167598349
2024-05-27 20:00:00,1003.7972824538001
2024-05-27 21:00:00,997.7818717775764
2024-05-27 22:00:00,1037.3188813769964
2024-05-27 23:00:00,1074.6718929572232
2024-05-28 00:00:00,1070.275543274037
2024-05-28 01:00:00,1124.6820630163145
2024-05-28 02:00:00,1166.3985185284512
2024-05-28 03:00:00,1207.117388583216
2024-05-28 04:00:00,1203.388356414408
2024-05-28 05:00:00,1204.8630454763595
2024-05-28 06:00:00,1208.5721478482449
2024-05-28 07:00:00,1215.7171489155728
2024-05-28 08:00:00,1224.514675187057
2024-05-28 09:00:00,1217.3386182382797
2024-05-28 10:00:00,1200.382488085508
2024-05-28 11:00:00,1146.2214046416009
2024-05-28 12:00:00,1133.43179489009
2024-05-28 13:00:00,1095.5188857928379
2024-05-28 14:00:00,1049.525877965073
2024-05-28 15:00:00,1034.4802345879564
2024-05-28 16:00:00,1021.6401990728339
2024-05-28 17:00:00,1013.2041912338356
2024-05-28 18:00:00,981.2735147793853
2024-05-28 19:00:00,1016.5988182882413
2024-05-28 20:00:00,981.6348342416123
2024-05-28 21:00:00,1047.105409041638
2024-05-28 22:00:00,1060.2933925407176
2024-05-28 23:00:00,1067.1363629339737
2024-05-29 00:00:00,1129.8355783743236
2024-05-29 01:00:00,1151.8305892473497
2024-05-29 02:00:00,1176.907345982675
2024-05-29 03:00:00,1205.7603579712552
2024-05-29 04:00:00,1249.3818486830608
2024-05-29 05:00:00,1225.857796376959
2024-05-29 06:00:00,1246.672302809606
2024-05-29 07:00:00,1209.7129505059347
2024-05-29 08:00:00,1228.902064186215
2024-05-29 09:00:00,1202.2015820546821
2024-05-29 10:00:00,1171.6597505242737
2024-05-29 11:00:00,1144.2512607635676
2024-05-29 12:00:00,1105.7121811829604
2024-05-29 13:00:00,1075.1602654665421
2024-05-29 14:00:00,1030.9229930731444
2024-05-29 15:00:00,1011.7586357125605
2024-05-29 16:00:00,1001.6185440519536
2024-05-29 17:00:00,993.563877434154
2024-05-29 18:00:00,993.4913413991725
2024-05-29 19:00:00,970.453631766801
2024-05-29 20:00:00,987.6579011653376
2024-05-29 21:00:00,988.1998438773986
2024-05-29 22:00:00,1008.1887735192914
2024-05-29 23:00:00,1042.8897228291846
2024-05-30 00:00:00,1096.5300619120885
2024-05-30 01:00:00,1104.2793036354867
2024-05-30 02:00:00,1145.5056930475714
2024-05-30 03:00:00,1156.9113596184532
2024-05-30 04:00:00,1153.036796225358
2024-05-30 05:00:00,1190.594188604871
2024-05-30 06:00:00,1184.6593648643395
2024-05-30 07:00:00,1197.2074091785687
2024-05-30 08:00:00,1161.369395702706
2024-05-30 09:00:00,1117.9273072915937
2024-05-30 10:00:00,1110.5974649050606
2024-05-30 11:00:00,1084.8106720302296
2024-05-30 12:00:00,1040.53844566617
2024-05-30 13:00:00,989.2304442628977
2024-05-30 14:00:00,975.8698905243632
2024-05-30 15:00:00,966.4132158136083
2024-05-30 16:00:00,923.2707282165564
2024-05-30 17:00:00,927.9893810724066
2024-05-30 18:00:00,899.3044664859922
2024-05-30 19:00:00,916.0404815022353
2024-05-30 20:00:00,928.694267922226
2024-05-30 21:00:00,919.7043445321628
2024-05-30 22:00:00,968.8740489976842
2024-05-30 23:00:00,976.1955512709405
2024-05-31 00:00:00,990.2319225751663
2024-05-31 01:00:00,1028.1776847745712
2024-05-31 02:00:00,1089.6509104707707
2024-05-31 03:00:00,1080.712490543891
2024-05-31 04:00:00,1104.0221680339912
2024-05-31 05:00:00,1126.8086154296188
2024-05-31 06:00:00,1105.051461168801
2024-05-31 07:00:00,1086.2657941981035
2024-05-31 08:00:00,1098.6399138961822
2024-05-31 09:00:00,1047.3371530664563
2024-05-31 10:00:00,1017.645933987667
2024-05-31 11:00:00,983.5505555178685
2024-05-31 12:00:00,946.5537409070453
2024-05-31 13:00:00,991.4063687573781
2024-05-31 14:00:00,895.6778484995608
2024-05-31 15:00:00,918.3732339034622
2024-05-31 16:00:00,843.9369382893848
2024-05-31 17:00:00,833.8868503101692
2024-05-31 18:00:00,866.2666294695309
2024-05-31 19:00:00,870.2140301946603
2024-05-31 20:00:00,863.453807354645
2024-05-31 21:00:00,896.0695157104464
2024-05-31 22:00:00,901.4773307836499
2024-05-31 23:00:00,922.1105843647191
2024-06-01 00:00:00,962.1389432691651
2024-06-01 01:00:00,995.8508241432133
2024-06-01 02:00:00,1003.2855560803616
2024-06-01 03:00:00,1067.5100261478867
2024-06-01 04:00:00,1074.5072663411165
2024-06-01 05:00:00,1095.7495206410335
2024-06-01 06:00:00,1102.9079882386463
2024-06-01 07:00:00,1053.9396022114793
2024-06-01 08:00:00,1075.1796400042092
2024-06-01 09:00:00,1061.1946332124219
2024-06-01 10:00:00,1026.5444175819575
2024-06-01 11:00:00,981.2260135750092
2024-06-01 12:00:00,994.6870326165533
2024-06-01 13:00:00,937.7379911889699
2024-06-01 14:00:00,926.4940252447262
2024-06-01 15:00:00,858.2648470917895
2024-06-01 16:00:00,878.9494940728829
2024-06-01 17:00:00,831.2719186255879
2024-06-01 18:00:00,846.5910875784468
2024-06-01 19:00:00,851.9037526753673
2024-06-01 20:00:00,888.8746795653791
2024-06-01 21:00:00,911.7329760983371
2024-06-01 22:00:00,926.1875308776255
2024-06-01 23:00:00,943.1881903887432
2024-06-02 00:00:00,999.4796626323598
2024-06-02 01:00:00,1019.6433191392656
2024-06-02 02:00:00,1055.9184529778972
2024-06-02 03:00:00,1059.0132932473564
2024-06-02 04:00:00,1095.7316545356975
2024-06-02 05:00:00,1078.1349949297323
2024-06-02 06:00:00,1103.9884657676482
2024-06-02 07:00:00,1114.4153255720555
2024-06-02 08:00:00,1089.299618435361
2024-06-02 09:00:00,1076.512565504587
2024-06-02 10:00:00,1088.5294149511137
2024-06-02 11:00:00,1032.6033931393501
2024-06-02 12:00:00,1026.3048801111431
2024-06-02 13:00:00,979.5456412376823
2024-06-02 14:00:00,958.193792626803
2024-06-02 15:00:00,960.7672435508426
2024-06-02 16:00:00,913.9362516277008
2024-06-02 17:00:00,894.7893530976352
2024-06-02 18:00:00,893.9167108006129
2024-06-02 19:00:00,883.0700633722192
2024-06-02 20:00:00,949.2963688786529
2024-06-02 21:00:00,921.33020191639
2024-06-02 22:00:00,961.6815837818413
2024-06-02 23:00:00,1006.8848357511388
2024-06-03 00:00:00,1042.6282353742076
2024-06-03 01:00:00,1088.7905109216065
2024-06-03 02:00:00,1110.3596262857063
2024-06-03 03:00:00,1128.8665603866398
2024-06-03 04:00:00,1178.6465440568497
2024-06-03 05:00:00,1165.5177659409098
2024-06-03 06:00:00,1183.4166612780327
2024-06-03 07:00:00,1213.5122258402607
2024-06-03 08:00:00,1173.9608915835724
2024-06-03 09:00:00,1149.8490181623206
2024-06-03 10:00:00,1121.4176109078946
2024-06-03 11:00:00,1088.2441586727518
2024-06-03 12:00:00,1089.789296778656
2024-06-03 13:00:00,1051.7440616512138
2024-06-03 14:00:00,1069.4251160751114
2024-06-03 15:00:00,986.3457530497029
2024-06-03 16:00:00,982.2429332268671
2024-06-03 17:00:00,955.7370152860635
2024-06-03 18:00:00,961.440036423283
2024-06-03 19:00:00,998.1563152925208
2024-06-03 20:00:00,996.7943383432222
2024-06-03 21:00:00,1023.9495180138493
2024-06-03 22:00:00,1038.0091543284225
2024-06-03 23:00:00,1071.1893156549177
2024-06-04 00:00:00,1107.1595044275884
2024-06-04 01:00:00,1138.8983048873872
2024-06-04 02:00:00,1185.8613567647262
2024-06-04 03:00:00,1203.8944069929319
2024-06-04 04:00:00,1226.7995915743056
2024-06-04 05:00:00,1231.7047368079247
2024-06-04 06:00:00,1231.4904923435888
2024-06-04 07:00:00,1234.2394445144748
2024-06-04 08:00:00,1216.3504901236656
2024-06-04 09:00:00,1222.3750680445332
2024-06-04 10:00:00,1179.449078766494
2024-06-04 11:00:00,1144.951522546809
2024-06-04 12:00:00,1127.06779903225
2024-06-04 13:00:00,1087.4897546207012
2024-06-04 14:00:00,1046.2136840613666
2024-06-04 15:00:00,1018.570481826684
2024-06-04 16:00:00,1022.888506582219
2024-06-04 17:00:00,987.0806196390625
2024-06-04 18:00:00,1028.8034671471812
2024-06-04 19:00:00,1024.509951615198
2024-06-04 20:00:00,1001.3000573290519
2024-06-04 21:00:00,1022.2479318176638
2024-06-04 22:00:00,1062.5993885744952
2024-06-04 23:00:00,1095.225878991333
2024-06-05 00:00:00,1140.440790196745
2024-06-05 01:00:00,1145.3444865399495
2024-06-05 02:00:00,1188.6163198769068
2024-06-05 03:00:00,1197.7125284903998
2024-06-05 04:00:00,1232.421939234592
2024-06-05 05:00:00,1239.914951981879
2024-06-05 06:00:00,1240.1462266607728
2024-06-05 07:00:00,1234.3388698597698
2024-06-05 08:00:00,1215.1305874790232
2024-06-05 09:00:00,1169.732129784852
2024-06-05 10:00:00,1183.5244330092457
2024-06-05 11:00:00,1138.7543129731
2024-06-05 12:00:00,1078.7994595456669
2024-06-05 13:00:00,1065.76416404826
2024-06-05 14:00:00,1042.6627876996697
2024-06-05 15:00:00,1056.8766119163422
2024-06-05 16:00:00,1006.5416672181905
2024-06-05 17:00:00,974.5390857055067
2024-06-05 18:00:00,984.6563941550954
2024-06-05 19:00:00,1004.5572689827295
2024-06-05 20:00:00,992.783529755721
2024-06-05 21:00:00,1008.9565184137539
2024-06-05 22:00:00,1045.5709099046603
2024-06-05 23:00:00,1055.680527886994
2024-06-06 00:00:00,1090.5075923510465
2024-06-06 01:00:00,1120.8593379367712
2024-06-06 02:00:00,1139.0666603089992
2024-06-06 03:00:00,1161.1452890469166
2024-06-06 04:00:00,1167.8243711632736
2024-06-06 05:00:00,1162.8039346823157
2024-06-06 06:00:00,1158.758267155142
2024-06-06 07:00:00,1170.9907783213189
2024-06-06 08:00:00,1157.4703533191278
2024-06-06 09:00:00,1136.1915196679377
2024-06-06 10:00:00,1081.0494972034162
2024-06-06 11:00:00,1092.0092818775083
2024-06-06 12:00:00,1052.2253600103809
2024-06-06 13:00:00,1021.9513029002767
2024-06-06 14:00:00,959.4572640464679
2024-06-06 15:00:00,949.1626405922937
2024-06-06 16:00:00,904.734003546853
2024-06-06 17:00:00,902.0577284179227
2024-06-06 18:00:00,910.4316126954539
2024-06-06 19:00:00,911.7891411369727
2024-06-06 20:00:00,893.206544423265
2024-06-06 21:00:00,933.9439133979276
2024-06-06 22:00:00,983.2541697108403
2024-06-06 23:00:00,969.6143831353668
2024-06-07 00:00:00,1022.5945994075681
2024-06-07 01:00:00,1032.7119046691855
2024-06-07 02:00:00,1061.5794991694763
2024-06-07 03:00:00,1095.5180032713338
2024-06-07 04:00:00,1116.7025463651332
2024-06-07 05:00:00,1108.5075689057326
2024-06-07 06:00:00,1111.7280232553103
2024-06-07 07:00:00,1086.4188391166372
2024-06-07 08:00:00,1088.9634637903998
2024-06-07 09:00:00,1081.0126297273616
2024-06-07 10:00:00,1073.6364640610454
2024-06-07 11:00:00,1016.3731058978265
2024-06-07 12:00:00,988.6951444994716
2024-06-07 13:00:00,960.5979452754057
2024-06-07 14:00:00,921.6837558608049
2024-06-07 15:00:00,897.194944622466
2024-06-07 16:00:00,877.1345077045087
2024-06-07 17:00:00,863.2234963100474
2024-06-07 18:00:00,862.6458445309597
2024-06-07 19:00:00,852.0373412878688
2024-06-07 20:00:00,891.9443954340021
2024-06-07 21:00:00,902.7584821699975
2024-06-07 22:00:00,898.0586409150012
2024-06-07 23:00:00,932.7455600940611
2024-06-08 00:00:00,979.6136822007365
2024-06-08 01:00:00,1012.1785693498043
2024-06-08 02:00:00,1053.6935896419295
2024-06-08 03:00:00,1036.3301065163266
2024-06-08 04:00:00,1084.9368761771464
2024-06-08 05:00:00,1091.5222527000124
2024-06-08 06:00:00,1091.323164439221
2024-06-08 07:00:00,1079.8411561089472
2024-06-08 08:00:00,1029.49662728397
2024-06-08 09:00:00,1051.675441957923
2024-06-08 10:00:00,1025.2798097617008
2024-06-08 11:00:00,1007.5536752330703
2024-06-08 12:00:00,975.1738790467028
2024-06-08 13:00:00,941.594803294798
2024-06-08 14:00:00,883.3604307945419
2024-06-08 15:00:00,890.8567374979011
2024-06-08 16:00:00,842.0392950178707
2024-06-08 17:00:00,845.323397288401
2024-06-08 18:00:00,837.537241127648
2024-06-08 19:00:00,841.6963056027382
2024-06-08 20:00:00,900.721238077676
2024-06-08 21:00:00,881.7421718364085
2024-06-08 22:00:00,923.7226414536908
2024-06-08 23:00:00,954.5780734735828
2024-06-09 00:00:00,977.4140292365751
2024-06-09 01:00:00,1008.6431593106194
2024-06-09 02:00:00,1044.7110483363174
2024-06-09 03:00:00,1065.9133304726
2024-06-09 04:00:00,1094.8153747411368
2024-06-09 05:00:00,1110.8368572308416
2024-06-09 06:00:00,1096.8135463572958
2024-06-09 07:00:00,1117.7692548877264
2024-06-09 08:00:00,1134.43103343073
2024-06-09 09:00:00,1089.081574925846
2024-06-09 10:00:00,1063.341987511033
2024-06-09 11:00:00,1039.7920704260052
2024-06-09 12:00:00,1001.2917611426442
2024-06-09 13:00:00,981.2896222662137
2024-06-09 14:00:00,964.529717499943
2024-06-09 15:00:00,951.9109877451905
2024-06-09 16:00:00,922.6081515637615
2024-06-09 17:00:00,921.4938475632952
2024-06-09 18:00:00,899.5220373247624
2024-06-09 19:00:00,918.5463818144573
2024-06-09 20:00:00,907.1942485473779
2024-06-09 21:00:00,950.9707016683275
2024-06-09 22:00:00,971.8850134989713
2024-06-09 23:00:00,1007.7313209261957
2024-06-10 00:00:00,1038.87380037946
2024-06-10 01:00:00,1103.594371730289
2024-06-10 02:00:00,1097.9972536441776
2024-06-10 03:00:00,1146.2164706101244
2024-06-10 04:00:00,1167.6593550317561
2024-06-10 05:00:00,1178.2212643158439
2024-06-10 06:00:00,1167.854343691261
2024-06-10 07:00:00,1193.4496803394788
2024-06-10 08:00:00,1169.692362677127
2024-06-10 09:00:00,1170.4249558241706
2024-06-10 10:00:00,1143.87127778471
2024-06-10 11:00:00,1121.1487615850685
2024-06-10 12:00:00,1077.802746695341
2024-06-10 13:00:00,1024.369577191825
2024-06-10 14:00:00,1025.9932727806056
2024-06-10 15:00:00,1006.7374763688346
2024-06-10 16:00:00,990.6226224117162
2024-06-10 17:00:00,971.8450191466371
2024-06-10 18:00:00,988.222974450858
2024-06-10 19:00:00,993.6660195205515
2024-06-10 20:00:00,987.3706365647005
2024-06-10 21:00:00,1031.9014569199758
2024-06-10 22:00:00,1068.4402256774008
2024-06-10 23:00:00,1072.4334218168449
2024-06-11 00:00:00,1120.48912190312
2024-06-11 01:00:00,1149.3826798606503
2024-06-11 02:00:00,1163.911021510147
2024-06-11 03:00:00,1220.0860583194192
2024-06-11 04:00:00,1228.3318647373812
2024-06-11 05:00:00,1254.423763851656
2024-06-11 06:00:00,1263.5316461966597
2024-06-11 07:00:00,1262.1917964234776
2024-06-11 08:00:00,1226.6977653301146
2024-06-11 09:00:00,1193.24910447622
2024-06-11 10:00:00,1186.1245979361422
2024-06-11 11:00:00,1165.1273185557018
2024-06-11 12:00:00,1119.465458458709
2024-06-11 13:00:00,1075.3299120596078
2024-06-11 14:00:00,1064.6019105845273
2024-06-11 15:00:00,1010.521664232135
2024-06-11 16:00:00,1016.9606816510468
2024-06-11 17:00:00,1012.8622581527048
2024-06-11 18:00:00,1009.6140991770463
2024-06-11 19:00:00,1012.6934752066857
2024-06-11 20:00:00,1018.4945427582645
2024-06-11 21:00:00,1025.990617923831
2024-06-11 22:00:00,1079.6405231054216
2024-06-11 23:00:00,1114.3497145806066
2024-06-12 00:00:00,1111.154282949986
2024-06-12 01:00:00,1151.5690435561203
2024-06-12 02:00:00,1179.195223298155
2024-06-12 03:00:00,1205.5898814905993
2024-06-12 04:00:00,1223.3084818879286
2024-06-12 05:00:00,1228.2219793972731
2024-06-12 06:00:00,1202.4970242034378
2024-06-12 07:00:00,1222.3283499189326
2024-06-12 08:00:00,1223.6920017950476
2024-06-12 09:00:00,1191.7739661854928
2024-06-12 10:00:00,1168.738891965741
2024-06-12 11:00:00,1145.403355373317
2024-06-12 12:00:00,1108.8782192415506
2024-06-12 13:00:00,1071.5049079657456
2024-06-12 14:00:00,1041.1168476234532
2024-06-12 15:00:00,1011.904903634014
2024-06-12 16:00:00,969.2451141805069
2024-06-12 17:00:00,983.7487911163661
2024-06-12 18:00:00,983.8196829231678
2024-06-12 19:00:00,992.46817831717
2024-06-12 20:00:00,1000.4114569168933
2024-06-12 21:00:00,1025.3878855341577
2024-06-12 22:00:00,1044.2091743200106
2024-06-12 23:00:00,1053.2564247037253
2024-06-13 00:00:00,1085.7833078923807
2024-06-13 01:00:00,1100.1831178808663
2024-06-13 02:00:00,1123.2569555546188
2024-06-13 03:00:00,1169.4738355437478
2024-06-13 04:00:00,1175.1451953307499
2024-06-13 05:00:00,1179.8836563883128
2024-06-13 06:00:00,1182.4424760147672
2024-06-13 07:00:00,1192.2377595297273
2024-06-13 08:00:00,1151.429921408598
2024-06-13 09:00:00,1152.6479439835196
2024-06-13 10:00:00,1074.6429773662317
2024-06-13 11:00:00,1063.2105741390576
2024-06-13 12:00:00,1045.660772212233
2024-06-13 13:00:00,1002.7275207361237
2024-06-13 14:00:00,1011.510887008194
2024-06-13 15:00:00,975.2433863610099
2024-06-13 16:00:00,929.2230376039112
2024-06-13 17:00:00,903.0049085354609
2024-06-13 18:00:00,925.9472457076363
2024-06-13 19:00:00,922.3473208020637
2024-06-13 20:00:00,884.2738394267176
2024-06-13 21:00:00,919.2130807768056
2024-06-13 22:00:00,951.6155586414231
2024-06-13 23:00:00,977.1697848157594
2024-06-14 00:00:00,1004.8175020761106
2024-06-14 01:00:00,1035.1720312504683
2024-06-14 02:00:00,1061.1140758870345
2024-06-14 03:00:00,1092.2202204866533
2024-06-14 04:00:00,1109.060446062405
2024-06-14 05:00:00,1091.1094957553378
2024-06-14 06:00:00,1108.5136988555073
2024-06-14 07:00:00,1127.1531830951833
2024-06-14 08:00:00,1100.3976356875464
2024-06-14 09:00:00,1055.1385403408176
2024-06-14 10:00:00,1054.408180968117
2024-06-14 11:00:00,1033.5323699573732
2024-06-14 12:00:00,996.8343130267793
2024-06-14 13:00:00,931.7279360068201
2024-06-14 14:00:00,925.4846272978752
2024-06-14 15:00:00,885.6111620351346
2024-06-14 16:00:00,890.0817170184141
2024-06-14 17:00:00,894.0663087775634
2024-06-14 18:00:00,865.9520710792415
2024-06-14 19:00:00,846.5410529956627
2024-06-14 20:00:00,875.2246403496204
2024-06-14 21:00:00,888.8513374913006
2024-06-14 22:00:00,924.1250001464617
2024-06-14 23:00:00,923.473030056415
2024-06-15 00:00:00,962.7465896647482
2024-06-15 01:00:00,1006.9462710424212
2024-06-15 02:00:00,1017.5727571201973
2024-06-15 03:00:00,1050.6790191775945
2024-06-15 04:00:00,1072.653952876471
2024-06-15 05:00:00,1071.8451796100817
2024-06-15 06:00:00,1100.016090684169
2024-06-15 07:00:00,1082.3225823067967
2024-06-15 08:00:00,1060.0265178764846
2024-06-15 09:00:00,1044.5685174372898
2024-06-15 10:00:00,1028.7571657990502
2024-06-15 11:00:00,1013.3513447357767
2024-06-15 12:00:00,948.189421077297
2024-06-15 13:00:00,944.50962035995
2024-06-15 14:00:00,927.5933247535235
2024-06-15 15:00:00,887.7940124306854
2024-06-15 16:00:00,853.695032245033
2024-06-15 17:00:00,848.5935630471508
2024-06-15 18:00:00,872.5231530486216
2024-06-15 19:00:00,863.5195546535745
2024-06-15 20:00:00,876.9868702765427
2024-06-15 21:00:00,910.9436430284705
2024-06-15 22:00:00,916.4084468635357
2024-06-15 23:00:00,961.2401573851799
2024-06-16 00:00:00,988.4174236349379
2024-06-16 01:00:00,1033.652046264287
2024-06-16 02:00:00,1031.7683280592894
2024-06-16 03:00:00,1082.8169653138964
2024-06-16 04:00:00,1095.25040595341
2024-06-16 05:00:00,1125.069076201154
2024-06-16 06:00:00,1125.483700467922
2024-06-16 07:00:00,1125.86823043885
2024-06-16 08:00:00,1140.2405840280408
2024-06-16 09:00:00,1083.242852456334
2024-06-16 10:00:00,1075.2814677148522
2024-06-16 11:00:00,1053.4161619712672
2024-06-16 12:00:00,995.8871295544493
2024-06-16 13:00:00,998.4711354317685
2024-06-16 14:00:00,959.4030915400477
2024-06-16 15:00:00,946.398229368175
2024-06-16 16:00:00,923.5153851635673
2024-06-16 17:00:00,908.4808885301013
2024-06-16 18:00:00,912.6987785636854
2024-06-16 19:00:00,911.6487871636127
2024-06-16 20:00:00,896.9695754230953
2024-06-16 21:00:00,931.7006686331707
2024-06-16 22:00:00,980.2550943567173
2024-06-16 23:00:00,995.3179767403612
2024-06-17 00:00:00,1039.0674039213595
2024-06-17 01:00:00,1083.5754686587363
2024-06-17 02:00:00,1133.5928356666795
2024-06-17 03:00:00,1160.553781975056
2024-06-17 04:00:00,1195.6388005178878
2024-06-17 05:00:00,1177.491581515803
2024-06-17 06:00:00,1183.4641916987478
2024-06-17 07:00:00,1175.122757161905
2024-06-17 08:00:00,1164.9468055405741
2024-06-17 09:00:00,1158.1188497921207
2024-06-17 10:00:00,1129.558850219346
2024-06-17 11:00:00,1114.4872298555974
2024-06-17 12:00:00,1045.7640462060424
2024-06-17 13:00:00,1019.0835197355551
2024-06-17 14:00:00,1025.2299091759612
2024-06-17 15:00:00,1003.4943578518044
2024-06-17 16:00:00,989.8908250182923
2024-06-17 17:00:00,991.3186311462727
2024-06-17 18:00:00,991.9761017542311
2024-06-17 19:00:00,961.4984912394233
2024-06-17 20:00:00,995.1114373168929
2024-06-17 21:00:00,1031.96998993392
2024-06-17 22:00:00,1034.941096150826
2024-06-17 23:00:00,1081.129503655844
2024-06-18 00:00:00,1098.1148224841613
2024-06-18 01:00:00,1131.1122866016774
2024-06-18 02:00:00,1174.021415676224
2024-06-18 03:00:00,1196.908197268318
2024-06-18 04:00:00,1226.023714254197
2024-06-18 05:00:00,1217.0510135588545
2024-06-18 06:00:00,1216.332518599051
2024-06-18 07:00:00,1242.0130390659822
2024-06-18 08:00:00,1201.7180169078267
2024-06-18 09:00:00,1176.7050907098958
2024-06-18 10:00:00,1179.5400743940154
2024-06-18 11:00:00,1142.0491045514214
2024-06-18 12:00:00,1146.4938138756067
2024-06-18 13:00:00,1103.2805387795245
2024-06-18 14:00:00,1051.5081769588664
2024-06-18 15:00:00,1048.8162836783893
2024-06-18 16:00:00,1023.6441833782033
2024-06-18 17:00:00,1011.4361614720857
2024-06-18 18:00:00,1011.172409792418
2024-06-18 19:00:00,1012.0834392408536
2024-06-18 20:00:00,1007.431639032252
2024-06-18 21:00:00,1034.841091791303
2024-06-18 22:00:00,1072.7998067899186
2024-06-18 23:00:00,1110.326685896473
2024-06-19 00:00:00,1133.0109012360106
2024-06-19 01:00:00,1140.3331755711697
2024-06-19 02:00:00,1191.2977574472197
2024-06-19 03:00:00,1197.576246161084
2024-06-19 04:00:00,1224.1958225150095
2024-06-19 05:00:00,1237.706332511393
2024-06-19 06:00:00,1250.8806555367669
2024-06-19 07:00:00,1262.3010799002875
2024-06-19 08:00:00,1234.4869238168146
2024-06-19 09:00:00,1193.5921468089052
2024-06-19 10:00:00,1176.3700916684536
2024-06-19 11:00:00,1168.71091787019
2024-06-19 12:00:00,1110.3671047337903
2024-06-19 13:00:00,1056.7802287989005
2024-06-19 14:00:00,1039.5298314804277
2024-06-19 15:00:00,1020.4999290026458
2024-06-19 16:00:00,1006.8347718652121
2024-06-19 17:00:00,986.2091715327599
2024-06-19 18:00:00,997.9062889670128
2024-06-19 19:00:00,997.4249948072844
2024-06-19 20:00:00,997.0488193633709
2024-06-19 21:00:00,976.5872280155046
2024-06-19 22:00:00,1036.7428614655373
2024-06-19 23:00:00,1083.9867256854993
2024-06-20 00:00:00,1087.631072050255
2024-06-20 01:00:00,1090.8209716716565
2024-06-20 02:00:00,1161.9835472685136
2024-06-20 03:00:00,1150.0798530890365
2024-06-20 04:00:00,1200.8672600143964
2024-06-20 05:00:00,1180.0041817060478
2024-06-20 06:00:00,1177.159480282315
2024-06-20 07:00:00,1163.7871093755648
2024-06-20 08:00:00,1162.2825510447872
2024-06-20 09:00:00,1132.3243987377455
2024-06-20 10:00:00,1119.027136611381
2024-06-20 11:00:00,1076.0482403427877
2024-06-20 12:00:00,1022.0265989634804
2024-06-20 13:00:00,996.8876318014069
2024-06-20 14:00:00,982.9989008919149
2024-06-20 15:00:00,990.7901256958806
2024-06-20 16:00:00,907.2476033285975
2024-06-20 17:00:00,914.0353806946863
2024-06-20 18:00:00,878.6399866599241
2024-06-20 19:00:00,959.3786835410183
2024-06-20 20:00:00,919.8782349417188
2024-06-20 21:00:00,945.787333507864
2024-06-20 22:00:00,955.0164354366392
2024-06-20 23:00:00,986.3723134661282
2024-06-21 00:00:00,1023.7320782089764
2024-06-21 01:00:00,1047.4503757973268
2024-06-21 02:00:00,1102.1982184228498
2024-06-21 03:00:00,1099.2476035444977
2024-06-21 04:00:00,1100.0840670134464
2024-06-21 05:00:00,1110.565810181061
2024-06-21 06:00:00,1103.8622484573864
2024-06-21 07:00:00,1109.1261657553907
2024-06-21 08:00:00,1103.0424379205833
2024-06-21 09:00:00,1083.7748696130604
2024-06-21 10:00:00,1043.7760877275825
2024-06-21 11:00:00,1033.659976672377
2024-06-21 12:00:00,991.7913832093111
2024-06-21 13:00:00,954.352516345226
2024-06-21 14:00:00,931.498004241743
2024-06-21 15:00:00,890.6355091649566
2024-06-21 16:00:00,875.4370753351348
2024-06-21 17:00:00,852.3663865405683
2024-06-21 18:00:00,859.7609200473488
2024-06-21 19:00:00,890.1882556225754
2024-06-21 20:00:00,862.0254613499262
2024-06-21 21:00:00,865.1243239461825
2024-06-21 22:00:00,900.9813015993349
2024-06-21 23:00:00,919.8633731491207
2024-06-22 00:00:00,971.4318388549401
2024-06-22 01:00:00,1005.5149327987585
2024-06-22 02:00:00,1041.8229516410422
2024-06-22 03:00:00,1076.0877198944597
2024-06-22 04:00:00,1090.7606563299978
2024-06-22 05:00:00,1096.6718251193897
2024-06-22 06:00:00,1107.7711916265462
2024-06-22 07:00:00,1089.7866109867384
2024-06-22 08:00:00,1050.4923606245977
2024-06-22 09:00:00,1039.7287571324543
2024-06-22 10:00:00,1027.8022051108323
2024-06-22 11:00:00,1003.199067461302
2024-06-22 12:00:00,976.4652767504392
2024-06-22 13:00:00,920.7875444835706
2024-06-22 14:00:00,887.7794846384865
2024-06-22 15:00:00,879.8733359154152
2024-06-22 16:00:00,864.6620162538983
2024-06-22 17:00:00,865.5921857609937
2024-06-22 18:00:00,849.1701658782258
2024-06-22 19:00:00,857.9690596242503
2024-06-22 20:00:00,885.799754152348
2024-06-22 21:00:00,888.121744869392
2024-06-22 22:00:00,968.7554105788679
2024-06-22 23:00:00,978.7584946989333
2024-06-23 00:00:00,993.815523605456
2024-06-23 01:00:00,1026.545964866245
2024-06-23 02:00:00,1029.950297273816
2024-06-23 03:00:00,1077.738068871317
2024-06-23 04:00:00,1087.959874442455
2024-06-23 05:00:00,1079.9277731957202
2024-06-23 06:00:00,1105.6427305947157
2024-06-23 07:00:00,1108.2277827283456
2024-06-23 08:00:00,1126.7302904157443
2024-06-23 09:00:00,1059.2416864656611
2024-06-23 10:00:00,1062.3310098691238
2024-06-23 11:00:00,1052.2762647400975
2024-06-23 12:00:00,1009.7870152083971
2024-06-23 13:00:00,984.4797393560309
2024-06-23 14:00:00,950.1641987608149
2024-06-23 15:00:00,935.2724896195396
2024-06-23 16:00:00,920.1267082735725
2024-06-23 17:00:00,896.0597547993026
2024-06-23 18:00:00,902.3846169584419
2024-06-23 19:00:00,915.3698404834773
2024-06-23 20:00:00,927.4356121666063
2024-06-23 21:00:00,972.8961463099283
2024-06-23 22:00:00,1003.581229218022
2024-06-23 23:00:00,1033.300715299769
2024-06-24 00:00:00,1020.208791278988
2024-06-24 01:00:00,1083.249762794348
2024-06-24 02:00:00,1119.6568676131847
2024-06-24 03:00:00,1142.9962943110795
2024-06-24 04:00:00,1139.422448615785
2024-06-24 05:00:00,1177.7318704090414
2024-06-24 06:00:00,1206.8646448697987
2024-06-24 07:00:00,1180.8695355693385
2024-06-24 08:00:00,1181.2101913137078
2024-06-24 09:00:00,1157.684754168405
2024-06-24 10:00:00,1141.3733072202674
2024-06-24 11:00:00,1099.0007401979683
2024-06-24 12:00:00,1084.8246739538972
2024-06-24 13:00:00,1048.7910347955612
2024-06-24 14:00:00,1013.7291158558753
2024-06-24 15:00:00,995.2520011050755
2024-06-24 16:00:00,986.7422909798355
2024-06-24 17:00:00,987.4112861830429
2024-06-24 18:00:00,972.1516798043217
2024-06-24 19:00:00,1000.7534943784633
2024-06-24 20:00:00,993.7077113972902
2024-06-24 21:00:00,1017.7992267331455
2024-06-24 22:00:00,1026.8042553068349
2024-06-24 23:00:00,1081.8589980132115
2024-06-25 00:00:00,1123.958219505611
2024-06-25 01:00:00,1164.1401432695004
2024-06-25 02:00:00,1150.6053218590407
2024-06-25 03:00:00,1221.5355642893494
2024-06-25 04:00:00,1217.7428951151835
2024-06-25 05:00:00,1242.4984790304225
2024-06-25 06:00:00,1227.6972750451878
2024-06-25 07:00:00,1235.911764968998
2024-06-25 08:00:00,1250.2770461814223
2024-06-25 09:00:00,1212.4814318250005
2024-06-25 10:00:00,1162.451721849318
2024-06-25 11:00:00,1170.3210227977017
2024-06-25 12:00:00,1118.465924905041
2024-06-25 13:00:00,1103.8690612389205
2024-06-25 14:00:00,1040.1596994183328
2024-06-25 15:00:00,1051.5293423466944
2024-06-25 16:00:00,993.7847190777333
2024-06-25 17:00:00,990.8569215029331
2024-06-25 18:00:00,1006.817528586005
2024-06-25 19:00:00,1021.177520580997
2024-06-25 20:00:00,1039.0747126269403
2024-06-25 21:00:00,1037.5393211787493
2024-06-25 22:00:00,1072.7940476880963
2024-06-25 23:00:00,1084.5297853855104
2024-06-26 00:00:00,1100.802208141755
2024-06-26 01:00:00,1158.9547584376032
2024-06-26 02:00:00,1185.7863578320914
2024-06-26 03:00:00,1221.4795256888876
2024-06-26 04:00:00,1222.9650689031175
2024-06-26 05:00:00,1256.0923550777604
2024-06-26 06:00:00,1216.6223786289722
2024-06-26 07:00:00,1241.966727844772
2024-06-26 08:00:00,1204.0726984996493
2024-06-26 09:00:00,1190.3857507541607
2024-06-26 10:00:00,1189.6894991197134
2024-06-26 11:00:00,1127.1546748549583
2024-06-26 12:00:00,1125.2800462828834
2024-06-26 13:00:00,1081.5919016487571
2024-06-26 14:00:00,1046.16741555621
2024-06-26 15:00:00,1012.6812584576907
2024-06-26 16:00:00,989.9114189975008
2024-06-26 17:00:00,992.7917191996203
2024-06-26 18:00:00,966.2562435930768
2024-06-26 19:00:00,968.8174541760286
2024-06-26 20:00:00,980.3800839698413
2024-06-26 21:00:00,1005.4959515534235
2024-06-26 22:00:00,1042.3306032725354
2024-06-26 23:00:00,1081.902210186949
2024-06-27 00:00:00,1106.931352553746
2024-06-27 01:00:00,1109.6136409456803
2024-06-27 02:00:00,1131.4761785471221
2024-06-27 03:00:00,1167.7302307371178
2024-06-27 04:00:00,1162.053406931556
2024-06-27 05:00:00,1162.3007228531994
2024-06-27 06:00:00,1201.6067798506572
2024-06-27 07:00:00,1183.1372747543799
2024-06-27 08:00:00,1177.4787021410248
2024-06-27 09:00:00,1128.4715439027716
2024-06-27 10:00:00,1101.45631205839
2024-06-27 11:00:00,1087.0872062136275
2024-06-27 12:00:00,1053.2377969394038
2024-06-27 13:00:00,1015.0722116527804
2024-06-27 14:00:00,960.7921549642753
2024-06-27 15:00:00,968.7675344025849
2024-06-27 16:00:00,953.8827775882443
2024-06-27 17:00:00,872.8786171798056
2024-06-27 18:00:00,910.7204490541378
2024-06-27 19:00:00,924.0359425262594
2024-06-27 20:00:00,923.11017657288
2024-06-27 21:00:00,973.6214015532756
2024-06-27 22:00:00,973.706254686435
2024-06-27 23:00:00,988.4402303288247
2024-06-28 00:00:00,1025.0242435894597
2024-06-28 01:00:00,1033.0156460275364
2024-06-28 02:00:00,1086.727130936067
2024-06-28 03:00:00,1097.2950017099624
2024-06-28 04:00:00,1123.8944187191992
2024-06-28 05:00:00,1144.6947770829267
2024-06-28 06:00:00,1130.3547387052765
2024-06-28 07:00:00,1096.9827511873425
2024-06-28 08:00:00,1096.5494704595399
2024-06-28 09:00:00,1107.2054200652738
2024-06-28 10:00:00,1036.8068246421265
2024-06-28 11:00:00,1039.048522257566
2024-06-28 12:00:00,986.5983610620981
2024-06-28 13:00:00,941.8708205595517
2024-06-28 14:00:00,919.0751097543562
2024-06-28 15:00:00,896.4750063868973
2024-06-28 16:00:00,898.7409617055232
2024-06-28 17:00:00,860.2179039930286
2024-06-28 18:00:00,887.4991783796897
2024-06-28 19:00:00,860.2442208869898
2024-06-28 20:00:00,866.1247301919552
2024-06-28 21:00:00,905.1869060380374
2024-06-28 22:00:00,909.4356441053517
2024-06-28 23:00:00,930.0023106779172
